#include <pch/pch.hpp>
#include <utilities/memory/memory.hpp>
#include <utilities/addresses/addresses.hpp>
#include <core/settings.hpp>
#include <utilities/security/security.hpp>
#include <utilities/steam/steam.hpp>
#include <external/config.hpp>
#include <core/systems/systems.hpp>

#include "../../rendering.hpp"

namespace rendering {

	namespace detail {

		[[nodiscard]] static std::string to_lower_copy( std::string_view v )
		{
			std::string out( v );
			std::transform( out.begin( ), out.end( ), out.begin( ), [ ]( unsigned char c )
				{
					return static_cast< char >( std::tolower( c ) );
				} );
			return out;
		}

		[[nodiscard]] static int parse_weapon_subtab( const std::string& category_lower )
		{
			if ( category_lower.find( "Pistol" ) != std::string::npos ) return 0;
			if ( category_lower.find( "SMG" ) != std::string::npos ) return 1;
			if ( category_lower.find( "Rifle" ) != std::string::npos ) return 2;
			if ( category_lower.find( "Shotgun" ) != std::string::npos ) return 3;
			if ( category_lower.find( "Sniper" ) != std::string::npos ) return 4;
			if ( category_lower.find( "LMG" ) != std::string::npos ) return 5;
			return 0;
		}

		[[nodiscard]] static std::pair<int, int> map_category_to_tab( const std::string& category_lower )
		{
			if ( category_lower.find( "Ragebot" ) != std::string::npos || category_lower.find( "Antiaim" ) != std::string::npos || category_lower.find( "Peek assistance" ) != std::string::npos || category_lower.find( "Zeusbot" ) != std::string::npos || category_lower.find( "Knifebot" ) != std::string::npos || category_lower.find( "Autos" ) != std::string::npos )
			{
				return { 0, parse_weapon_subtab( category_lower ) };
			}

			if ( category_lower.find( "Legitbot" ) != std::string::npos )
			{
				return { 1, parse_weapon_subtab( category_lower ) };
			}

			if ( category_lower.find( "Enemy" ) != std::string::npos || category_lower.find( "Player enemies" ) != std::string::npos )
			{
				return { 2, 0 };
			}
			if ( category_lower.find( "Allies" ) != std::string::npos || category_lower.find( "teammate" ) != std::string::npos || category_lower.find( "friendly" ) != std::string::npos )
			{
				return { 2, 1 };
			}
			if ( category_lower.find( "Local" ) != std::string::npos )
			{
				return { 2, 2 };
			}

			if ( category_lower.find( "Scene" ) != std::string::npos )
			{
				return { 3, 1 };
			}
			if ( category_lower.find( "Weather" ) != std::string::npos )
			{
				return { 3, 2 };
			}
			if ( category_lower.find( "World" ) != std::string::npos || category_lower.find( "Projectile" ) != std::string::npos || category_lower.find( "Item" ) != std::string::npos || category_lower.find( "Bomb" ) != std::string::npos || category_lower.find( "Spectator" ) != std::string::npos )
			{
				return { 3, 0 };
			}

			if ( category_lower.find( "Knife" ) != std::string::npos )
			{
				return { 4, 1 };
			}
			if ( category_lower.find( "Glove" ) != std::string::npos )
			{
				return { 4, 2 };
			}
			if ( category_lower.find( "Agent" ) != std::string::npos )
			{
				return { 4, 3 };
			}
			if ( category_lower.find( "Skin" ) != std::string::npos || category_lower.find( "Paint" ) != std::string::npos || category_lower.find( "Sticker" ) != std::string::npos || category_lower.find( "Wear" ) != std::string::npos )
			{
				return { 4, 0 };
			}

			if ( category_lower.find( "Config" ) != std::string::npos )
			{
				return { 6, 0 };
			}

			return { 5, 0 };
		}

		[[nodiscard]] static float ease_out_back( float t ) noexcept
		{
			constexpr float c1{ 1.70158f };
			constexpr float c3 = c1 + 1.0f;
			const auto x = t - 1.0f;
			return 1.0f + c3 * x * x * x + c1 * x * x;
		}

		[[nodiscard]] static float ease_out_expo( float t ) noexcept
		{
			if ( t >= 1.0f ) return 1.0f;
			if ( t <= 0.0f ) return 0.0f;
			return 1.0f - std::pow( 2.0f, -10.0f * t );
		}

		[[nodiscard]] static float ease_in_quint( float t ) noexcept
		{
			return t * t * t * t * t;
		}

	} // namespace detail

	[[nodiscard]] static settings::misc::menu_theme current_theme( )
	{
		return settings::g_misc.theme.value;
	}

	void apply_theme( settings::misc::menu_theme theme )
	{
		switch ( theme )
		{
			case settings::misc::menu_theme::white:
				tokens::col_accent      = xdraw::color{ 20, 20, 20, 255 };
				tokens::col_accent_dim  = xdraw::color{ 20, 20, 20, 60 };
				tokens::col_dark        = xdraw::color{ 250, 250, 250, 255 };
				tokens::col_text        = xdraw::color{ 25, 25, 25, 255 };
				tokens::col_text_dim    = xdraw::color{ 110, 110, 110, 255 };
				tokens::col_text_faint  = xdraw::color{ 160, 160, 160, 255 };
				tokens::col_card        = xdraw::color{ 255, 255, 255, 255 };
				tokens::col_elevated    = xdraw::color{ 238, 238, 238, 255 };
				tokens::col_surface     = xdraw::color{ 255, 255, 255, 255 };
				tokens::col_border      = xdraw::color{ 215, 215, 215, 255 };
				tokens::col_hover       = xdraw::color{ 230, 230, 230, 255 };
				tokens::col_pressed     = xdraw::color{ 210, 210, 210, 255 };
				break;

			case settings::misc::menu_theme::lime:
			default:
				tokens::col_accent      = xdraw::color{ 168, 229, 29, 255 };
				tokens::col_accent_dim  = xdraw::color{ 168, 229, 29, 60 };
				tokens::col_dark        = xdraw::color{ 11, 11, 11, 255 };
				tokens::col_text        = xdraw::color{ 229, 229, 229, 255 };
				tokens::col_text_dim    = xdraw::color{ 133, 133, 133, 255 };
				tokens::col_text_faint  = xdraw::color{ 85, 85, 85, 255 };
				tokens::col_card        = xdraw::color{ 23, 23, 23, 255 };
				tokens::col_elevated    = xdraw::color{ 15, 15, 15, 255 };
				tokens::col_surface     = xdraw::color{ 30, 30, 30, 255 };
				tokens::col_border      = xdraw::color{ 37, 37, 37, 255 };
				tokens::col_hover       = xdraw::color{ 34, 34, 34, 255 };
				tokens::col_pressed     = xdraw::color{ 46, 46, 46, 255 };
				break;
		}
	}

	static void ensure_theme_applied( )
	{
		static auto last{ settings::misc::menu_theme::lime };
		const auto cur = settings::g_misc.theme.value;
		if ( cur != last )
		{
			last = cur;
			apply_theme( cur );
		}
	}

	class theme_switcher_overlay : public xui::overlay
	{
	public:
		theme_switcher_overlay( std::uintptr_t id, const xui::rect& anchor ) : overlay{ id, anchor } {}

		[[nodiscard]] bool hit_test( float x, float y ) const override
		{
			return this->get_popup( ).contains( x, y );
		}

		bool process_input( const xui::input_state& input ) override
		{
			if ( this->m_closing )
			{
				return false;
			}

			const auto popup = this->get_popup( );

			if ( ( input.mouse_clicked || input.rmb_clicked ) && !popup.contains( input.mouse_x, input.mouse_y ) && !this->m_anchor.contains( input.mouse_x, input.mouse_y ) )
			{
				this->m_closing = true;
				return true;
			}

			if ( !input.mouse_clicked || !popup.contains( input.mouse_x, input.mouse_y ) )
			{
				return popup.contains( input.mouse_x, input.mouse_y );
			}

			for ( auto i = 0; i < k_theme_count; ++i )
			{
				const auto ir = this->get_item_rect( popup, i );
				if ( !ir.contains( input.mouse_x, input.mouse_y ) )
				{
					continue;
				}

				const auto theme = static_cast< settings::misc::menu_theme >( i );
				settings::g_misc.theme.value = theme;
				apply_theme( theme );
				this->m_closing = true;
				return true;
			}

			return true;
		}

		void render( const xui::style& style, const xui::input_state& input ) override
		{
			const auto dt = xdraw::delta_time( );
			const auto popup = this->get_popup( );

			const auto speed = this->m_closing ? 18.0f : 16.0f;
			const auto target = this->m_closing ? 0.0f : 1.0f;
			this->m_open_anim += ( target - this->m_open_anim ) * std::min( speed * dt, 1.0f );

			if ( this->m_open_anim < 0.01f && this->m_closing )
			{
				this->m_closed = true;
				return;
			}

			const auto ease_t = xui::ease::out_cubic( this->m_open_anim );
			const auto alpha_mult = ease_t;
			const auto animated_h = popup.h * ease_t;
			const auto pr = style.popup_rounding;

			auto bg = style.popup_bg;
			bg.a = static_cast< std::uint8_t >( bg.a * alpha_mult );
			auto border = xui::lighten( style.popup_border, 1.1f );
			border.a = static_cast< std::uint8_t >( border.a * alpha_mult );

			auto& dl = xdraw::get( xdraw::layer::top );

			if ( !this->m_closing )
			{
				dl.rect_filled_blurred( popup.x, popup.y, popup.w, animated_h, xdraw::corner_radius{ pr } );
			}

			dl.rect_filled( popup.x, popup.y, popup.w, animated_h, bg, xdraw::corner_radius{ pr } );
			dl.rect( popup.x, popup.y, popup.w, animated_h, border, xdraw::corner_radius{ pr } );

			dl.push_clip( popup.x, popup.y, popup.w, animated_h );

			static constexpr const char* theme_names[ k_theme_count ]{ "Dark", "White" };

			for ( auto i = 0; i < k_theme_count; ++i )
			{
				const auto ir = this->get_item_rect( popup, i );
				const auto item_delay = i * 0.04f;
				const auto item_progress = std::clamp( ( this->m_open_anim - item_delay ) / ( 1.0f - std::min( item_delay, 0.3f ) ), 0.0f, 1.0f );
				this->m_item_anims[ i ] = std::min( this->m_item_anims[ i ] + 20.0f * dt, item_progress );
				const auto item_ease = xui::ease::out_cubic( this->m_item_anims[ i ] );
				const auto item_alpha = item_ease * alpha_mult;
				const auto slide = ( 1.0f - item_ease ) * 6.0f;

				const auto is_selected = ( static_cast< int >( current_theme( ) ) == i );
				const auto is_hovered = !this->m_closing && ir.contains( input.mouse_x, input.mouse_y );
				this->m_hover_anims[ i ] += ( ( is_hovered ? 1.0f : 0.0f ) - this->m_hover_anims[ i ] ) * std::min( 18.0f * dt, 1.0f );

				if ( this->m_hover_anims[ i ] > 0.01f )
				{
					auto hov = style.combo_popup_item_hovered;
					hov.a = static_cast< std::uint8_t >( hov.a * item_alpha * this->m_hover_anims[ i ] );
					dl.rect_filled( ir.x, ir.y + slide, ir.w, ir.h, hov, xdraw::corner_radius{ 0.0f } );
				}

				auto col = is_selected ? style.accent : style.text;
				if ( !is_selected && this->m_hover_anims[ i ] > 0.01f )
				{
					col = xui::lerp( col, style.accent, this->m_hover_anims[ i ] );
				}
				col.a = static_cast< std::uint8_t >( col.a * item_alpha );

				const auto [tw, th] = xdraw::measure_text( theme_names[ i ] );
				dl.text( ir.x + 8.0f, ir.y + ( k_item_h - th ) * 0.5f + slide, theme_names[ i ], col );

				if ( is_selected )
				{
					const auto dot_col = style.accent;
					dl.circle_filled( ir.right( ) - 12.0f, ir.y + k_item_h * 0.5f, 3.0f, dot_col, 10 );
				}
			}

			dl.pop_clip( );
		}

	private:
		static constexpr auto k_theme_count{ 2 };
		static constexpr auto k_item_h{ 28.0f };
		static constexpr auto k_width{ 160.0f };

		[[nodiscard]] xui::rect get_popup( ) const
		{
			const auto x = std::floor( this->m_anchor.x + this->m_anchor.w - k_width );
			const auto y = std::floor( this->m_anchor.y + this->m_anchor.h + 4.0f );
			return xui::rect{ x, y, k_width, k_item_h * k_theme_count };
		}

		[[nodiscard]] xui::rect get_item_rect( const xui::rect& popup, int i ) const
		{
			return xui::rect{ popup.x, popup.y + static_cast< float >( i ) * k_item_h, popup.w, k_item_h };
		}

		float m_open_anim{};
		std::array<float, k_theme_count> m_hover_anims{};
		std::array<float, k_theme_count> m_item_anims{};
	};

	namespace svgs {

		constexpr auto search = R"(<svg width="16" height="16" viewBox="0 0 16 16" fill="none" xmlns="http://www.w3.org/2000/svg"><circle cx="7" cy="7" r="4.5" stroke="#E5E5E5" stroke-width="1.4"/><path d="M10.5 10.5L14 14" stroke="#E5E5E5" stroke-width="1.4" stroke-linecap="round"/></svg>)";
		constexpr auto settings = R"(<svg width="15" height="15" viewBox="0 0 15 15" fill="none" xmlns="http://www.w3.org/2000/svg"><path d="M7.5 4.2V2M7.5 13V10.8M2 7.5H4.2M10.8 7.5H13M3.2 3.2L4.8 4.8M10.2 10.2L11.8 11.8M11.8 3.2L10.2 4.8M4.8 10.2L3.2 11.8" stroke="#E5E5E5" stroke-width="1.3" stroke-linecap="round"/><circle cx="7.5" cy="7.5" r="2.6" stroke="#E5E5E5" stroke-width="1.3"/></svg>)";

		// Slim, unified 1.4px stroke icon set for the grouped sidebar.
		constexpr auto tab_rage = R"(<svg width="20" height="20" viewBox="0 0 20 20" fill="none" xmlns="http://www.w3.org/2000/svg"><circle cx="10" cy="10" r="5" stroke="#E5E5E5" stroke-width="1.4"/><path d="M10 2V6M10 14V18M2 10H6M14 10H18M5.4 5.4L8.2 8.2M11.8 11.8L14.6 14.6M14.6 5.4L11.8 8.2M8.2 11.8L5.4 14.6" stroke="#E5E5E5" stroke-width="1.4" stroke-linecap="round"/><circle cx="10" cy="10" r="1.1" fill="#A8E51D"/></svg>)";
		constexpr auto tab_legit = R"(<svg width="20" height="20" viewBox="0 0 20 20" fill="none" xmlns="http://www.w3.org/2000/svg"><circle cx="10" cy="10" r="7" stroke="#E5E5E5" stroke-width="1.4"/><circle cx="10" cy="10" r="3.6" stroke="#A8E51D" stroke-width="1.4"/><circle cx="10" cy="10" r="1" fill="#A8E51D"/></svg>)";
		constexpr auto tab_player = R"(<svg width="20" height="20" viewBox="0 0 20 20" fill="none" xmlns="http://www.w3.org/2000/svg"><circle cx="10" cy="6.8" r="3" stroke="#E5E5E5" stroke-width="1.4"/><path d="M4 16.5C4.8 13.4 7 11.5 10 11.5C13 11.5 15.2 13.4 16 16.5" stroke="#E5E5E5" stroke-width="1.4" stroke-linecap="round"/></svg>)";
		constexpr auto tab_world = R"(<svg width="20" height="20" viewBox="0 0 20 20" fill="none" xmlns="http://www.w3.org/2000/svg"><circle cx="10" cy="10" r="6.5" stroke="#E5E5E5" stroke-width="1.4"/><path d="M3.5 10H16.5M10 3.5C8.5 5.5 7.7 7.6 7.7 10C7.7 12.4 8.5 14.5 10 16.5M10 3.5C11.5 5.5 12.3 7.6 12.3 10C12.3 12.4 11.5 14.5 10 16.5" stroke="#E5E5E5" stroke-width="1.4" stroke-linecap="round"/></svg>)";
		constexpr auto tab_skins = R"(<svg width="20" height="20" viewBox="0 0 20 20" fill="none" xmlns="http://www.w3.org/2000/svg"><path d="M3.2 15.2C3.2 15.2 5.6 16.3 8.5 15.4C10.9 14.7 13.4 13.3 15.2 11C16.4 9.4 17 8.1 16.9 7C16.8 6.1 16.3 5.6 15.4 5.5C14.4 5.4 13.1 6 11.5 7.2C9.2 9 7.8 11.5 7.1 13.9C6.2 16.8 7.3 19.2 7.3 19.2" stroke="#E5E5E5" stroke-width="1.4" stroke-linecap="round" stroke-linejoin="round"/><path d="M3.2 15.2L1.8 13.9C1.2 13.3 1.2 12.4 1.8 11.8L5.6 8.1C6.2 7.5 7.1 7.5 7.7 8.1L9.1 9.5" stroke="#E5E5E5" stroke-width="1.4" stroke-linecap="round" stroke-linejoin="round"/></svg>)";
		constexpr auto tab_misc = R"(<svg width="20" height="20" viewBox="0 0 20 20" fill="none" xmlns="http://www.w3.org/2000/svg"><path d="M3.5 6.5H8M12 6.5H16.5M3.5 10H5.5M9.5 10H16.5M3.5 13.5H10M14 13.5H16.5" stroke="#E5E5E5" stroke-width="1.4" stroke-linecap="round"/><circle cx="10" cy="6.5" r="1.8" stroke="#A8E51D" stroke-width="1.4"/><circle cx="7.5" cy="10" r="1.8" stroke="#A8E51D" stroke-width="1.4"/><circle cx="12" cy="13.5" r="1.8" stroke="#A8E51D" stroke-width="1.4"/></svg>)";
		constexpr auto tab_config = R"(<svg width="20" height="20" viewBox="0 0 20 20" fill="none" xmlns="http://www.w3.org/2000/svg"><rect x="3" y="6" width="8" height="8" rx="1.5" stroke="#E5E5E5" stroke-width="1.4"/><rect x="9" y="3.5" width="8" height="8" rx="1.5" stroke="#A8E51D" stroke-width="1.4"/></svg>)";

		// Header utility glyphs.
		constexpr auto save = R"(<svg width="14" height="14" viewBox="0 0 14 14" fill="none" xmlns="http://www.w3.org/2000/svg"><path d="M2.5 2.5C2.5 2.22386 2.72386 2 3 2H9.5L11.5 4V11.5C11.5 11.7761 11.2761 12 11 12H3C2.72386 12 2.5 11.7761 2.5 11.5V2.5Z" stroke="#E5E5E5" stroke-width="1.3" stroke-linejoin="round"/><path d="M2.5 5H11.5M5 2V6H9V2" stroke="#E5E5E5" stroke-width="1.3" stroke-linecap="round" stroke-linejoin="round"/></svg>)";
		constexpr auto globe = R"(<svg width="14" height="14" viewBox="0 0 14 14" fill="none" xmlns="http://www.w3.org/2000/svg"><circle cx="7" cy="7" r="5" stroke="#E5E5E5" stroke-width="1.3"/><path d="M2.5 7H11.5M7 2C5.4 3.6 4.6 5.3 4.6 7C4.6 8.7 5.4 10.4 7 12M7 2C8.6 3.6 9.4 5.3 9.4 7C9.4 8.7 8.6 10.4 7 12" stroke="#E5E5E5" stroke-width="1.3" stroke-linecap="round"/></svg>)";
		constexpr auto folder = R"(<svg width="14" height="14" viewBox="0 0 14 14" fill="none" xmlns="http://www.w3.org/2000/svg"><path d="M2 4C2 3.44772 2.44772 3 3 3H5.5L7 4.5H11C11.5523 4.5 12 4.94772 12 5.5V10C12 10.5523 11.5523 11 11 11H3C2.44772 11 2 10.5523 2 10V4Z" stroke="#E5E5E5" stroke-width="1.3" stroke-linejoin="round"/></svg>)";

		constexpr auto intro_splash_logo = R"(<svg xmlns="http://www.w3.org/2000/svg" viewBox="0 0 4421.68 3676.26" width="4421.68" height="3676.26"><path fill="#FFFFFF" d="M38.84,2765.23L1886.62,168.91c160.29-225.22,494.79-225.22,655.08,0l1841.11,2586.94c97.92,137.59-.45,328.33-169.32,328.33h-404.81c-103.92,0-197.3-63.46-235.56-160.09l-547.58-1383.07c-29.67-74.94-102.1-124.17-182.71-124.17h0c-35.51,0-61.24,33.84-51.76,68.05l534.27,1928.03c36.69,132.4-62.89,263.32-200.28,263.32h-363.96c-79.77,0-147.65-58.14-159.9-136.97l-326.6-2314.95c-8.53-54.86-102.84-53.9-113.56.58l-438.38,2320.78c-14.94,75.86-81.45,130.56-158.77,130.56h-363.14c-141.3,0-241.4-137.96-197.57-272.29l616.11-1888.27c14.81-45.4-19.02-92.04-66.78-92.04h-13.3c-77.84,0-148.35,45.95-179.78,117.17l-621.67,1408.75c-41.4,93.82-135.29,153.43-237.81,150.99l-296.71-7.06c-166.58-3.97-260.99-192.52-164.38-328.27Z"/></svg>)";

	} // namespace svgs

	namespace images {

		inline unsigned char user[ 9427 ]
		{
			0x89, 0x50, 0x4E, 0x47, 0x0D, 0x0A, 0x1A, 0x0A, 0x00, 0x00, 0x00, 0x0D,
			0x49, 0x48, 0x44, 0x52, 0x00, 0x00, 0x00, 0x40, 0x00, 0x00, 0x00, 0x40,
			0x08, 0x06, 0x00, 0x00, 0x00, 0xAA, 0x69, 0x71, 0xDE, 0x00, 0x00, 0x20,
			0x00, 0x49, 0x44, 0x41, 0x54, 0x78, 0x5E, 0x95, 0x7B, 0x7B, 0xB0, 0x5C,
			0x77, 0x7D, 0xDF, 0xE7, 0xBC, 0xCF, 0xD9, 0xF7, 0xEE, 0x7D, 0x3F, 0xA4,
			0x7B, 0xAF, 0x64, 0xCB, 0xB2, 0x84, 0x65, 0xD9, 0x80, 0x1B, 0x5E, 0xB1,
			0x0D, 0x43, 0x03, 0x89, 0xE9, 0x98, 0x4C, 0x3B, 0xD3, 0x36, 0x9D, 0x89,
			0x9B, 0xBF, 0xC0, 0x43, 0x06, 0xE8, 0xA4, 0x09, 0xB4, 0x4C, 0x63, 0x1E,
			0x2D, 0x0E, 0x93, 0x74, 0x4C, 0xD2, 0x4C, 0x0A, 0x69, 0xB0, 0x29, 0x84,
			0xDA, 0x10, 0x63, 0x91, 0x31, 0x8D, 0x81, 0xDA, 0xC6, 0x01, 0x0C, 0x18,
			0xB0, 0x15, 0x5B, 0x96, 0x91, 0x6C, 0x59, 0x57, 0xD2, 0x7D, 0xDF, 0xBD,
			0x77, 0xDF, 0x7B, 0xDE, 0xE7, 0x74, 0x3E, 0xDF, 0xDF, 0xAE, 0x12, 0x1A,
			0x3A, 0x69, 0x7F, 0x9A, 0xD5, 0xEE, 0xDD, 0x3D, 0xE7, 0xF7, 0xF8, 0x3E,
			0x3F, 0xDF, 0xC7, 0xD1, 0xF0, 0xFF, 0x30, 0xEE, 0xB8, 0xEB, 0xB7, 0x6E,
			0xCB, 0x92, 0xFC, 0x4E, 0x18, 0xDA, 0xAD, 0x69, 0x9E, 0x2D, 0x5B, 0x86,
			0x59, 0x33, 0x0C, 0x03, 0xB6, 0x6D, 0xE2, 0xC2, 0x85, 0x8B, 0x30, 0x74,
			0x03, 0x5A, 0x66, 0x22, 0x03, 0x90, 0x66, 0x09, 0x34, 0x2D, 0x87, 0xA6,
			0x03, 0x49, 0x12, 0x5F, 0x9D, 0xC3, 0x32, 0x4D, 0x58, 0x96, 0x83, 0x38,
			0xCE, 0x90, 0xE7, 0x19, 0xD2, 0x34, 0x86, 0x6E, 0x68, 0xD0, 0x32, 0x0D,
			0x96, 0x6D, 0xC1, 0xF1, 0x5C, 0x2C, 0x1F, 0x38, 0x80, 0x63, 0xC7, 0xAF,
			0xC1, 0x95, 0x8D, 0x5D, 0x5C, 0xBE, 0x72, 0x05, 0xAE, 0x6B, 0x63, 0xA2,
			0xDA, 0xC0, 0xBB, 0xDE, 0xF1, 0x56, 0x9C, 0x7F, 0xE5, 0x55, 0x3C, 0xF5,
			0xF4, 0x0F, 0xB0, 0xBB, 0xBB, 0x8B, 0xE1, 0x70, 0x28, 0x73, 0x6A, 0x59,
			0x8E, 0x2C, 0x4D, 0xA1, 0xEB, 0x3A, 0x12, 0x7F, 0x00, 0x2D, 0xEC, 0xB5,
			0x35, 0x4D, 0x3B, 0x9D, 0x66, 0xF9, 0xDF, 0xE8, 0x5A, 0x72, 0xEA, 0xF4,
			0x8F, 0xBF, 0xFB, 0xED, 0xD1, 0xF2, 0xFF, 0xD7, 0xA1, 0x5D, 0xFD, 0xF4,
			0x73, 0xC6, 0x5B, 0x7F, 0xF9, 0x37, 0xEE, 0x32, 0xCB, 0xCE, 0xEF, 0xC2,
			0xB0, 0x96, 0x4D, 0xCB, 0x52, 0x0B, 0x25, 0x3C, 0xA0, 0x06, 0x5D, 0x37,
			0x51, 0x2C, 0x78, 0xB8, 0x74, 0x79, 0x55, 0xFE, 0xCE, 0x13, 0x0D, 0x39,
			0x6F, 0xD2, 0x72, 0xA4, 0xA4, 0x44, 0x0E, 0x64, 0x59, 0x86, 0x2C, 0x57,
			0x44, 0x20, 0x01, 0xB2, 0x3C, 0x87, 0x6D, 0xB9, 0x20, 0xF1, 0x82, 0x70,
			0x80, 0x7A, 0xBD, 0x8E, 0xF6, 0x7E, 0x5B, 0xE6, 0xF2, 0x0A, 0x05, 0x94,
			0x4B, 0x25, 0x38, 0x8E, 0x85, 0x24, 0x4B, 0x10, 0x45, 0x09, 0xCA, 0x95,
			0xA2, 0xAC, 0x57, 0x74, 0xCB, 0x88, 0x92, 0x10, 0xED, 0xCE, 0x3E, 0xFA,
			0xBD, 0x3E, 0x82, 0xC0, 0x47, 0x9E, 0x03, 0x79, 0x9C, 0x5E, 0x25, 0x72,
			0x1E, 0xFA, 0x40, 0xD8, 0x17, 0xE2, 0x1A, 0xBA, 0x29, 0xFB, 0xD0, 0x35,
			0x6D, 0xB5, 0x56, 0x9B, 0xBC, 0xE7, 0xDB, 0x8F, 0x3F, 0xFC, 0x79, 0xB9,
			0xE8, 0xE7, 0x8C, 0x9F, 0x4B, 0x80, 0xDB, 0xFE, 0xF9, 0x7B, 0x96, 0xE3,
			0x7E, 0xF0, 0x88, 0x61, 0x18, 0x27, 0xB9, 0x71, 0xC3, 0xB2, 0x60, 0xBA,
			0x36, 0xB2, 0x34, 0x93, 0x43, 0x19, 0x86, 0x09, 0x43, 0xB7, 0x50, 0x2A,
			0x97, 0x70, 0xF9, 0xF2, 0x45, 0xE4, 0x79, 0x8E, 0x3C, 0xD3, 0x40, 0x11,
			0xE0, 0x67, 0xE8, 0xBA, 0x4C, 0x9D, 0xA6, 0xA9, 0x6C, 0x28, 0xCF, 0x32,
			0xE8, 0x5C, 0x49, 0xD7, 0x85, 0x58, 0x8E, 0x6B, 0x0B, 0x85, 0xAA, 0xD5,
			0x8A, 0x70, 0xD4, 0x75, 0x3C, 0x00, 0x26, 0x6C, 0xDB, 0x86, 0xA6, 0x67,
			0xD0, 0x34, 0x1D, 0x79, 0x06, 0x98, 0x16, 0x10, 0xC7, 0x31, 0x6C, 0xDB,
			0x43, 0x9A, 0x66, 0x08, 0xC3, 0x21, 0x7C, 0xDF, 0x47, 0x1C, 0x47, 0x6A,
			0xEE, 0x20, 0x82, 0x1F, 0x86, 0x08, 0xE3, 0x10, 0x55, 0x5D, 0x87, 0x6D,
			0xE5, 0x08, 0xC3, 0x10, 0x1A, 0x74, 0xE4, 0xE0, 0x3C, 0xC0, 0xD4, 0xC2,
			0x32, 0x72, 0xBB, 0xB0, 0x5A, 0xB5, 0xBD, 0xDB, 0x4F, 0x3D, 0x78, 0xDF,
			0xEA, 0xD5, 0x43, 0x8E, 0xC6, 0xDF, 0x23, 0xC0, 0xC9, 0xDB, 0xFE, 0xC5,
			0xAF, 0x5B, 0x86, 0x76, 0x9F, 0x57, 0x2A, 0xD4, 0x38, 0x81, 0x69, 0x98,
			0x80, 0x6D, 0xC2, 0x73, 0x5D, 0x64, 0x79, 0x06, 0x6D, 0x74, 0x0B, 0xDF,
			0xC9, 0xB5, 0xCD, 0xCD, 0x4D, 0xE1, 0x82, 0xA6, 0x19, 0xC8, 0x13, 0xF5,
			0x4B, 0xAE, 0x41, 0x0E, 0x8D, 0x5C, 0x87, 0xAE, 0x6B, 0xC2, 0x79, 0x52,
			0x47, 0xD3, 0x35, 0x98, 0xA6, 0x89, 0xE9, 0xE9, 0x06, 0x7A, 0xBD, 0x0E,
			0xE2, 0x24, 0xC5, 0x44, 0xA3, 0x0E, 0x5E, 0xDA, 0x6E, 0xF7, 0x65, 0x5E,
			0x4A, 0x87, 0x10, 0x34, 0xCF, 0x61, 0x59, 0x06, 0xA2, 0x30, 0x80, 0xA1,
			0xB9, 0x32, 0x2F, 0x0F, 0x17, 0xC5, 0x31, 0x72, 0x4A, 0x5C, 0x1A, 0x23,
			0x0C, 0x03, 0x74, 0xBB, 0x2D, 0xA4, 0x49, 0x88, 0x42, 0x9E, 0xC3, 0x71,
			0x80, 0x3C, 0x4D, 0x60, 0x59, 0xB6, 0xEC, 0x89, 0x73, 0x95, 0x26, 0xE6,
			0x60, 0x14, 0x4B, 0xA8, 0x96, 0x8A, 0x6D, 0xCB, 0xB5, 0xFF, 0xF5, 0xC3,
			0x9F, 0xFD, 0xD4, 0x29, 0x59, 0x68, 0x34, 0x7E, 0x86, 0x00, 0x47, 0x5E,
			0xFB, 0x8F, 0xEF, 0x74, 0x9D, 0xC2, 0x23, 0x5E, 0xA9, 0x08, 0xC7, 0x75,
			0x90, 0xE9, 0x9A, 0x4C, 0x42, 0xF1, 0x77, 0x1C, 0x47, 0x38, 0x23, 0x07,
			0xCA, 0x48, 0x5D, 0x0D, 0xAE, 0xEB, 0xA2, 0xD9, 0x6C, 0x8E, 0xD4, 0xC2,
			0x80, 0x01, 0x1D, 0x51, 0x9C, 0x20, 0xCB, 0xD5, 0xC4, 0x59, 0xAA, 0x09,
			0xE7, 0x93, 0x34, 0x85, 0x69, 0x1B, 0xC2, 0xF5, 0x4A, 0xB5, 0x82, 0x5F,
			0x7E, 0xC7, 0xDB, 0xF0, 0xCC, 0x8F, 0x7F, 0x8C, 0xDD, 0xDD, 0x26, 0xDE,
			0x78, 0xCB, 0xEB, 0xD0, 0xE9, 0x0E, 0x70, 0xFA, 0xF9, 0xB3, 0xF2, 0x3B,
			0x39, 0xAF, 0x76, 0x45, 0x3B, 0xA2, 0x21, 0x89, 0x22, 0x04, 0x7E, 0x88,
			0x1E, 0x45, 0x3F, 0x1C, 0x22, 0xA2, 0xA8, 0xF3, 0x02, 0x12, 0x95, 0x36,
			0x20, 0x4B, 0x90, 0x65, 0x29, 0x6A, 0xAE, 0x03, 0xDB, 0x02, 0x32, 0x2D,
			0x83, 0x8E, 0x0C, 0x49, 0x94, 0xCA, 0xDE, 0x2B, 0xD3, 0x0B, 0xB0, 0xCB,
			0x35, 0x54, 0x0A, 0x1E, 0x92, 0x24, 0xC4, 0x85, 0x17, 0x4F, 0xDF, 0x75,
			0xFE, 0xF9, 0x1F, 0x5C, 0x55, 0x89, 0xAB, 0x04, 0x38, 0x79, 0xF2, 0xB6,
			0xE5, 0x41, 0x96, 0x3D, 0x67, 0x7A, 0xE5, 0x9A, 0xED, 0xB8, 0x28, 0x14,
			0x8B, 0x30, 0x1C, 0x4B, 0x0E, 0x3F, 0x3E, 0x2C, 0x39, 0x65, 0x9A, 0x86,
			0x88, 0x97, 0x65, 0x2A, 0x9B, 0x50, 0x2C, 0x14, 0xE0, 0xB9, 0x1E, 0xCE,
			0xBF, 0xFC, 0x32, 0xB7, 0x8C, 0x38, 0x4A, 0xE5, 0x7A, 0x12, 0x4B, 0xAE,
			0xA7, 0x38, 0x23, 0x47, 0x9A, 0x27, 0xA2, 0x3A, 0xAE, 0xEB, 0xC1, 0xF3,
			0x1C, 0xF4, 0x07, 0x1D, 0x51, 0x0F, 0xCB, 0xF6, 0xA0, 0xC3, 0x40, 0x14,
			0x45, 0xA0, 0xE2, 0x24, 0x71, 0x2A, 0xFB, 0xC9, 0xF5, 0x5C, 0x08, 0x4B,
			0x6D, 0xDA, 0xDC, 0x58, 0x13, 0x89, 0x08, 0xA3, 0x08, 0xD5, 0x52, 0x15,
			0xC3, 0xD6, 0x1E, 0x92, 0x2C, 0x85, 0x67, 0x39, 0x88, 0xC2, 0xA1, 0x88,
			0xBA, 0xE7, 0x9A, 0xD0, 0x40, 0x9B, 0x93, 0x22, 0x4A, 0x22, 0x98, 0x1A,
			0x19, 0x67, 0xC3, 0xAD, 0x34, 0x60, 0x15, 0x6B, 0x70, 0x4D, 0x0D, 0x49,
			0x1C, 0x61, 0xEB, 0xF2, 0xAB, 0xED, 0x74, 0x18, 0xDD, 0xB4, 0xBA, 0x7A,
			0x5A, 0xD4, 0xE1, 0x2A, 0x01, 0x8E, 0x1C, 0x7D, 0xED, 0x45, 0x98, 0xCE,
			0xB2, 0xDB, 0x98, 0x81, 0xAE, 0x1B, 0x28, 0x97, 0xCB, 0xC8, 0x74, 0x5D,
			0x24, 0x21, 0x49, 0x52, 0x94, 0x4A, 0xE5, 0x91, 0xFE, 0x73, 0x9B, 0x14,
			0x4F, 0x45, 0x80, 0x38, 0x8A, 0x61, 0x5B, 0x0E, 0xBA, 0xDD, 0x1E, 0xD2,
			0x3C, 0x45, 0x96, 0x92, 0x2B, 0x39, 0x2C, 0xDB, 0x14, 0xFD, 0xD5, 0x60,
			0x88, 0xED, 0xA0, 0x57, 0xD0, 0xF9, 0x5F, 0x4E, 0xE2, 0x68, 0x88, 0x92,
			0x80, 0x64, 0x81, 0xA5, 0x5B, 0xC2, 0x69, 0x4D, 0x53, 0x36, 0x26, 0x0C,
			0x42, 0xF8, 0x7E, 0x0F, 0xA6, 0x69, 0xC3, 0x2D, 0x14, 0x51, 0x28, 0x78,
			0x58, 0x5D, 0x3D, 0x0F, 0xDD, 0xD4, 0x11, 0xFB, 0x3E, 0x56, 0x0E, 0xDF,
			0x88, 0x4B, 0x17, 0x9F, 0x47, 0x9E, 0x6A, 0x98, 0x99, 0x5E, 0xC2, 0xA5,
			0x57, 0x9E, 0xC5, 0xFC, 0xD2, 0xF5, 0x30, 0xB4, 0x18, 0x83, 0xBD, 0x35,
			0xA4, 0x29, 0x25, 0x30, 0x13, 0x15, 0xA0, 0x64, 0x04, 0x71, 0x8E, 0xFA,
			0xC4, 0x02, 0xEA, 0x93, 0x13, 0xD8, 0x6F, 0xEE, 0x22, 0x8B, 0xFA, 0xE8,
			0x75, 0x3A, 0xA7, 0xD7, 0x57, 0xCF, 0xDC, 0x74, 0x95, 0x00, 0xEF, 0xFA,
			0xD5, 0xDF, 0xB8, 0xEB, 0xE5, 0x73, 0x2F, 0xDE, 0x9F, 0x99, 0x16, 0x6A,
			0xB3, 0x4B, 0xEA, 0x00, 0x86, 0x01, 0xDD, 0xB1, 0xE0, 0x7A, 0x14, 0x9D,
			0x04, 0x9E, 0x57, 0x14, 0x97, 0x63, 0x5A, 0xA6, 0x4C, 0x4C, 0xF1, 0x2A,
			0x16, 0x8B, 0xF0, 0xFD, 0x00, 0xF5, 0xDA, 0x24, 0xFA, 0xFD, 0x3E, 0xFD,
			0x12, 0xFC, 0xA1, 0x2F, 0xEA, 0x50, 0xA9, 0x96, 0xB1, 0xB9, 0xB9, 0x21,
			0x2E, 0x91, 0x84, 0xA3, 0xA5, 0xA7, 0xCB, 0x4B, 0x13, 0x08, 0x01, 0xC8,
			0x4D, 0xCD, 0x00, 0xD2, 0x24, 0x86, 0x69, 0xE8, 0xD0, 0xF4, 0x1C, 0xDD,
			0xEE, 0x10, 0xA5, 0x42, 0x15, 0xD3, 0x53, 0x0B, 0xB0, 0x6D, 0x0B, 0x81,
			0x3F, 0x44, 0x77, 0xB0, 0x87, 0xED, 0x9D, 0x4D, 0x58, 0xB6, 0x81, 0xA8,
			0xDF, 0x13, 0x63, 0x18, 0xC5, 0x3E, 0x97, 0x92, 0x39, 0xC3, 0xE1, 0x10,
			0xA6, 0x6D, 0xC3, 0xA5, 0x8A, 0xC5, 0x7D, 0x38, 0x76, 0x11, 0x9A, 0x6E,
			0xA0, 0xDB, 0x6D, 0x0A, 0x83, 0x5A, 0x9D, 0x96, 0xD8, 0xB1, 0x6B, 0x8E,
			0x1C, 0xC3, 0xD6, 0xF6, 0x3E, 0xE6, 0x66, 0x67, 0xD0, 0xDC, 0x5D, 0x43,
			0x6B, 0x7B, 0xF7, 0xAE, 0xDD, 0xDD, 0xD5, 0xCF, 0x0B, 0x01, 0xDE, 0xF8,
			0xA6, 0x7F, 0x72, 0xB1, 0xD5, 0x6F, 0x2D, 0xC3, 0x76, 0x51, 0x9D, 0x9C,
			0x11, 0xF1, 0xE5, 0xC1, 0xD3, 0x24, 0x81, 0x6D, 0xD9, 0x88, 0xF2, 0x54,
			0x0E, 0xCB, 0xCD, 0xD3, 0x88, 0xE9, 0x59, 0x8A, 0xDC, 0xD4, 0x50, 0xAB,
			0xD5, 0x50, 0x2E, 0x55, 0x11, 0xC7, 0x09, 0xB6, 0xB6, 0xD7, 0x51, 0x2E,
			0x57, 0xD0, 0xEB, 0x0E, 0xC5, 0x9A, 0x0F, 0x86, 0xCA, 0xA8, 0xD1, 0x67,
			0x6B, 0x79, 0x82, 0xC5, 0xB9, 0x05, 0x6C, 0x37, 0x77, 0xE0, 0x07, 0xB4,
			0xD2, 0xB6, 0xD8, 0x89, 0x24, 0x89, 0x60, 0x68, 0xF4, 0x1A, 0x54, 0x67,
			0x7A, 0x0C, 0xA0, 0x58, 0xA8, 0xC0, 0x71, 0x3C, 0x0C, 0x86, 0x5D, 0x24,
			0x49, 0x80, 0x30, 0x4C, 0x50, 0xF0, 0x8A, 0x70, 0x2D, 0x1D, 0xDD, 0xBD,
			0x3D, 0x6C, 0x6D, 0x5C, 0x46, 0xB5, 0x31, 0x83, 0xB9, 0x52, 0x05, 0xE7,
			0x2E, 0x9C, 0x41, 0x66, 0x16, 0x10, 0xC7, 0x43, 0x78, 0x16, 0x5D, 0x73,
			0x06, 0xDB, 0x74, 0xE5, 0xFE, 0x4E, 0x67, 0x4F, 0x3C, 0x45, 0xAF, 0xD7,
			0x13, 0xA6, 0xD5, 0x1B, 0x0D, 0x74, 0x7A, 0x3D, 0xAC, 0x2C, 0x1F, 0x46,
			0xBF, 0xD7, 0xC4, 0xE6, 0xE6, 0xEE, 0x6A, 0x6B, 0xFB, 0xD2, 0x8A, 0x76,
			0xC7, 0x9D, 0x77, 0xDD, 0x36, 0xE8, 0x07, 0x4F, 0x36, 0xDB, 0x4D, 0x24,
			0xD0, 0xE1, 0x94, 0x2A, 0x98, 0x9C, 0x9C, 0x42, 0xA9, 0x54, 0x44, 0xB3,
			0xB9, 0x07, 0xDB, 0xB1, 0x91, 0x1B, 0xBA, 0x18, 0x41, 0x5A, 0x75, 0xEA,
			0x71, 0x4E, 0xEE, 0x39, 0x06, 0x3C, 0xCF, 0x83, 0x65, 0xB9, 0xE8, 0x75,
			0xFB, 0x98, 0x9C, 0xAA, 0xCB, 0xBB, 0x6D, 0xBB, 0x98, 0x9C, 0x98, 0xC0,
			0xC6, 0xF6, 0x26, 0x82, 0xD0, 0x47, 0x30, 0xA4, 0xCF, 0x4E, 0x51, 0xF0,
			0x0A, 0x18, 0xFA, 0x43, 0x51, 0x0B, 0x9E, 0x38, 0x0A, 0x63, 0x44, 0x51,
			0x08, 0xC7, 0xB2, 0x44, 0x42, 0xE2, 0x2C, 0x41, 0xB5, 0x5A, 0x46, 0xA7,
			0xD3, 0x43, 0xC1, 0x75, 0x10, 0x25, 0x09, 0x0C, 0x8A, 0x7D, 0x98, 0x62,
			0x72, 0x6A, 0x1A, 0x7E, 0xBF, 0x8B, 0xBD, 0xCD, 0x4D, 0xEC, 0xEF, 0x6E,
			0x61, 0x72, 0x6E, 0x11, 0x27, 0x0F, 0x2F, 0xE3, 0x3B, 0xDF, 0x79, 0x0A,
			0xB9, 0x55, 0x40, 0x18, 0xF9, 0xB0, 0x8D, 0x1C, 0xFD, 0x7E, 0x1B, 0xAE,
			0xE3, 0x08, 0x30, 0xA3, 0x9D, 0xE2, 0x1C, 0xDD, 0x6E, 0x57, 0xEC, 0x58,
			0xB5, 0x5A, 0xC5, 0xA0, 0xDF, 0x13, 0xC9, 0x0E, 0xC2, 0x48, 0xDC, 0xF8,
			0xE4, 0xE4, 0xD4, 0xED, 0xDA, 0x1F, 0x7F, 0xF6, 0x6B, 0xF7, 0x05, 0x51,
			0xF8, 0xFE, 0x07, 0xBE, 0xF8, 0x39, 0x84, 0x71, 0x04, 0xA7, 0x58, 0x15,
			0x4E, 0x52, 0xC7, 0x69, 0x78, 0xE8, 0xEA, 0x68, 0x70, 0x1C, 0xCB, 0x41,
			0x92, 0xE7, 0x22, 0xFA, 0x5A, 0x92, 0xC2, 0x2D, 0x17, 0xC4, 0x30, 0x1A,
			0xA6, 0x2B, 0xFA, 0x5D, 0x29, 0x15, 0x71, 0xE5, 0xF2, 0x26, 0x0E, 0x1F,
			0x5E, 0x41, 0x1A, 0xA7, 0x08, 0xD3, 0x10, 0x99, 0x96, 0x23, 0xF6, 0x03,
			0xC4, 0x71, 0x88, 0xCB, 0xAB, 0x97, 0x61, 0xDA, 0x96, 0x48, 0x50, 0x10,
			0x84, 0xF2, 0xEE, 0xFB, 0x43, 0xE4, 0x49, 0x8A, 0x28, 0x8E, 0x10, 0x67,
			0x19, 0x56, 0x96, 0x96, 0x64, 0xC3, 0x51, 0x40, 0xDF, 0x1E, 0x89, 0x21,
			0x26, 0x71, 0x28, 0x1A, 0x06, 0x34, 0x74, 0x5A, 0x2D, 0x4C, 0xD4, 0x6A,
			0x98, 0x9C, 0x9D, 0x45, 0x14, 0xC5, 0xD8, 0xDB, 0xDB, 0x41, 0x63, 0x72,
			0x5A, 0x54, 0x6A, 0xD8, 0xEB, 0x61, 0xF5, 0xD5, 0xF3, 0xC8, 0x82, 0x21,
			0x7D, 0x30, 0xC2, 0x70, 0x20, 0xF6, 0x60, 0x30, 0xF0, 0x51, 0xAF, 0x4F,
			0xA2, 0x50, 0xAC, 0xA2, 0x3F, 0x18, 0x0A, 0x06, 0x19, 0x0E, 0xFA, 0xA8,
			0x14, 0x4B, 0x28, 0x95, 0x2A, 0x9F, 0xD6, 0xEE, 0xBD, 0xEF, 0xC1, 0x27,
			0xBB, 0xFD, 0xEE, 0x6D, 0xA7, 0x4E, 0x3D, 0x84, 0x38, 0xCD, 0xE0, 0xD0,
			0x62, 0x16, 0x3C, 0xD8, 0x8E, 0x23, 0xE8, 0x8D, 0xD4, 0xA3, 0x2F, 0xB3,
			0x6D, 0x07, 0x61, 0x10, 0x89, 0x78, 0x53, 0x67, 0x0D, 0xCB, 0x40, 0xBD,
			0x5A, 0xC3, 0x1B, 0x6F, 0xB9, 0x09, 0xF5, 0x72, 0x15, 0x3F, 0x79, 0xF1,
			0xA7, 0x68, 0xED, 0x75, 0x05, 0x98, 0x24, 0x71, 0x8C, 0x0C, 0xB1, 0x7C,
			0x9E, 0xA8, 0xD7, 0xD0, 0x6E, 0xB5, 0xC5, 0x46, 0x88, 0x71, 0x4A, 0x53,
			0x91, 0x02, 0x7A, 0x91, 0x34, 0x89, 0xC4, 0x95, 0x19, 0xBA, 0x0E, 0x53,
			0x33, 0xC5, 0xF0, 0x3A, 0xAE, 0x0B, 0x3F, 0x0C, 0x60, 0xB9, 0xB6, 0x18,
			0xE3, 0x3E, 0xB9, 0x66, 0x5A, 0x62, 0x7F, 0x28, 0xD2, 0x13, 0x13, 0x13,
			0x22, 0x8D, 0x51, 0x18, 0xC2, 0x8F, 0x42, 0x0C, 0x7C, 0x5F, 0x30, 0x09,
			0x99, 0x95, 0x25, 0x09, 0x06, 0xED, 0x36, 0xC2, 0xB0, 0x8B, 0xC9, 0x89,
			0x69, 0x91, 0xC6, 0x6E, 0x7F, 0x28, 0x67, 0x21, 0x3A, 0x1D, 0x0C, 0x06,
			0xD0, 0x0D, 0x1D, 0xA6, 0xAE, 0x23, 0x8B, 0xC4, 0xD8, 0x9E, 0xD6, 0x3E,
			0xF8, 0x91, 0x4F, 0xB7, 0x92, 0x24, 0xA9, 0x3D, 0xFE, 0xAD, 0x47, 0x91,
			0xEB, 0x26, 0x0A, 0xD5, 0x49, 0xE4, 0x5A, 0x0E, 0xC7, 0xB2, 0x95, 0xD8,
			0xEB, 0x3A, 0x0C, 0xD3, 0x80, 0x65, 0x3B, 0x42, 0x75, 0x82, 0x13, 0xAA,
			0x01, 0xF1, 0x40, 0xA5, 0x54, 0xC6, 0xB5, 0x4B, 0x8B, 0x38, 0x38, 0xB7,
			0x80, 0x2C, 0xD3, 0xD0, 0x6A, 0xB5, 0x85, 0x73, 0xE2, 0xBF, 0x73, 0x88,
			0x58, 0x73, 0xD0, 0x88, 0xF2, 0x00, 0x61, 0x18, 0x63, 0x18, 0x10, 0xC9,
			0x25, 0xE2, 0x59, 0xE8, 0xC3, 0xC9, 0x2D, 0x8B, 0x08, 0x90, 0xD0, 0x36,
			0xA7, 0xB1, 0xD4, 0x85, 0x48, 0x74, 0x97, 0x3A, 0xBD, 0x45, 0xAC, 0x88,
			0x1E, 0x04, 0x01, 0x2A, 0xD5, 0xAA, 0x10, 0x4B, 0x33, 0x0C, 0x0C, 0xBA,
			0x3D, 0x98, 0x8E, 0x8D, 0x30, 0x89, 0xC4, 0x75, 0x96, 0x4B, 0x45, 0x05,
			0xD2, 0x08, 0xBF, 0xD3, 0x4C, 0xD4, 0x8D, 0x73, 0x11, 0x94, 0x51, 0x6A,
			0xDB, 0x9D, 0x0E, 0x0A, 0x86, 0x25, 0xA0, 0xAC, 0xD7, 0xEF, 0xA3, 0xD1,
			0x68, 0x20, 0x4C, 0xC2, 0xB6, 0xF6, 0x89, 0x3F, 0xF8, 0x62, 0x4E, 0x11,
			0xFE, 0x8B, 0xAF, 0x7C, 0x11, 0x7E, 0x9C, 0xA2, 0xD2, 0x98, 0x46, 0x9C,
			0xD3, 0x98, 0x98, 0x30, 0x4C, 0x13, 0x05, 0xD7, 0x93, 0x49, 0xE8, 0x53,
			0x05, 0xA2, 0xE6, 0x8A, 0x13, 0x24, 0x4E, 0xA3, 0x52, 0xC5, 0xDB, 0x7F,
			0xF1, 0x76, 0x41, 0x7D, 0xBB, 0xFB, 0x7B, 0xD8, 0xDA, 0xDD, 0x11, 0xBF,
			0x92, 0x26, 0x29, 0x79, 0x82, 0x92, 0x4D, 0x83, 0x44, 0xAF, 0x91, 0xC0,
			0x73, 0x1D, 0x41, 0x7E, 0x3E, 0xED, 0x87, 0xFC, 0xAA, 0xCB, 0x3C, 0x19,
			0x9D, 0x38, 0x63, 0x0B, 0x8B, 0x7E, 0x5C, 0x83, 0x4E, 0x9C, 0x91, 0xE5,
			0xA2, 0x2E, 0x06, 0x17, 0xD6, 0x20, 0x04, 0x10, 0x88, 0xCB, 0x03, 0x25,
			0xA9, 0x80, 0x23, 0x12, 0x15, 0x86, 0xAE, 0xF4, 0xBC, 0xDF, 0x83, 0x67,
			0xDA, 0x8A, 0x60, 0x29, 0x2D, 0x99, 0x86, 0xFD, 0x76, 0x4B, 0x24, 0xD8,
			0xB0, 0x6C, 0x71, 0xDD, 0x9D, 0x76, 0x5B, 0x24, 0x35, 0x45, 0x8E, 0xED,
			0x8D, 0x4D, 0xD4, 0xAA, 0x55, 0x44, 0x44, 0xB0, 0xBF, 0xFF, 0x87, 0x5F,
			0xCE, 0x19, 0x95, 0x3D, 0xF4, 0x95, 0x2F, 0xA0, 0xD5, 0xE9, 0xC1, 0x72,
			0x8B, 0xD0, 0x3D, 0x0F, 0xB6, 0x65, 0x09, 0x01, 0x4A, 0x85, 0x82, 0x6C,
			0xB0, 0x50, 0x28, 0x21, 0x8C, 0xE8, 0x15, 0x0C, 0x71, 0x5D, 0x04, 0x37,
			0x8B, 0xD3, 0x33, 0x78, 0xE7, 0x5B, 0xDF, 0x2E, 0x81, 0x8F, 0x9F, 0xC6,
			0x22, 0x62, 0x9D, 0x76, 0x07, 0xAE, 0x63, 0xA0, 0x68, 0x1B, 0x30, 0x88,
			0xFB, 0x2D, 0x53, 0x22, 0x44, 0xBA, 0x22, 0x9E, 0x47, 0xEC, 0x86, 0x80,
			0x24, 0xE5, 0x32, 0x39, 0x67, 0x10, 0xC7, 0x82, 0x20, 0x83, 0x38, 0x45,
			0x4C, 0xC2, 0x20, 0x17, 0x60, 0xC4, 0x43, 0x52, 0xB4, 0xE9, 0xAA, 0x48,
			0x04, 0xEE, 0x83, 0xC4, 0x26, 0x47, 0x39, 0x87, 0x7C, 0xB6, 0x15, 0x1E,
			0x71, 0x89, 0x98, 0x32, 0x4D, 0xA4, 0x87, 0x51, 0x6A, 0x42, 0xDB, 0x41,
			0xC4, 0x92, 0xA9, 0xA8, 0x74, 0x7D, 0x73, 0x5D, 0x3C, 0x41, 0x14, 0x46,
			0x62, 0x4B, 0x68, 0xE3, 0x08, 0xAB, 0x85, 0x00, 0x96, 0x65, 0xE2, 0x2B,
			0x8F, 0x3C, 0x88, 0xED, 0xDD, 0x5D, 0x78, 0x85, 0x0A, 0xB4, 0x82, 0xAB,
			0x90, 0x94, 0x49, 0xE4, 0xE6, 0x4A, 0x94, 0x57, 0x2C, 0x95, 0xC4, 0x0D,
			0xDA, 0x36, 0x17, 0xA6, 0x14, 0x64, 0x98, 0x6E, 0xD4, 0x71, 0xC7, 0xDB,
			0xDF, 0xA1, 0x16, 0xE1, 0xC2, 0xA6, 0x89, 0x38, 0x0C, 0x11, 0xF8, 0x7D,
			0x74, 0xDA, 0x3B, 0x82, 0x17, 0xE8, 0xEF, 0xD5, 0x20, 0x7C, 0x36, 0x95,
			0x5A, 0x09, 0x4C, 0xCE, 0x91, 0xA4, 0x11, 0xA2, 0x28, 0x80, 0xE3, 0x39,
			0x28, 0x16, 0x4A, 0xF0, 0x68, 0xA8, 0xBA, 0x01, 0x82, 0x90, 0xB1, 0x85,
			0x8A, 0xA9, 0xB2, 0x5C, 0x97, 0xE8, 0x90, 0x78, 0x22, 0xA5, 0xEF, 0x64,
			0x90, 0x25, 0x10, 0x98, 0xF6, 0x24, 0x11, 0x69, 0xA1, 0x6D, 0x21, 0x91,
			0x53, 0xFA, 0x51, 0x4D, 0x79, 0x2C, 0xC7, 0xB4, 0xC4, 0x85, 0x13, 0x4F,
			0x50, 0x6D, 0x88, 0x47, 0x4D, 0xC3, 0x12, 0xF5, 0x13, 0x28, 0x27, 0x73,
			0x01, 0xDA, 0x7D, 0x7F, 0xF2, 0x88, 0x48, 0xC0, 0x57, 0xBF, 0xF6, 0x55,
			0x6C, 0x6C, 0xAE, 0xA3, 0x54, 0xA9, 0xC3, 0x2B, 0x95, 0x10, 0x65, 0x29,
			0xF4, 0x34, 0x83, 0xE5, 0xB9, 0xD0, 0x0D, 0xBA, 0xBC, 0x02, 0x74, 0x8D,
			0x22, 0xA5, 0x21, 0x8D, 0x13, 0x10, 0xD9, 0x97, 0x8B, 0x25, 0xBC, 0xFB,
			0x57, 0xEE, 0x80, 0xA5, 0x99, 0x32, 0x69, 0xBB, 0xD5, 0x42, 0xAB, 0xD5,
			0x42, 0x10, 0x76, 0x11, 0xC7, 0x3E, 0x82, 0x30, 0x84, 0xE5, 0x38, 0x08,
			0x43, 0x5F, 0xB8, 0x99, 0xD2, 0x38, 0xA6, 0x8C, 0xD8, 0x22, 0x84, 0x51,
			0x20, 0x06, 0xCE, 0xF3, 0x5C, 0x31, 0x7E, 0x74, 0x8D, 0x0B, 0xF3, 0x07,
			0x31, 0x33, 0xB5, 0x20, 0x44, 0xEB, 0x74, 0xF7, 0xE4, 0x60, 0x3A, 0x91,
			0xA2, 0x01, 0xE8, 0x06, 0x75, 0x99, 0x87, 0x31, 0x90, 0xA7, 0xE4, 0x2A,
			0x23, 0xD3, 0x5C, 0x38, 0x2D, 0x73, 0xA7, 0x04, 0x67, 0x26, 0x72, 0x83,
			0xEA, 0x64, 0x09, 0x43, 0xD2, 0x8C, 0xB0, 0x38, 0x16, 0xBB, 0x94, 0x84,
			0x31, 0xA8, 0x64, 0x8E, 0x61, 0x8A, 0x51, 0x75, 0x3D, 0x7A, 0x2F, 0x0D,
			0xDA, 0x7F, 0xF9, 0xEC, 0x5F, 0xE6, 0x46, 0x0E, 0x9C, 0xFA, 0xC6, 0xD7,
			0x71, 0x79, 0x63, 0x4D, 0xE0, 0x27, 0x5D, 0x5F, 0x4C, 0xF1, 0xCB, 0x32,
			0xC1, 0x01, 0x34, 0x80, 0xF4, 0xF9, 0x24, 0x80, 0x69, 0x68, 0x12, 0xA1,
			0x51, 0x2C, 0xCB, 0xA5, 0x32, 0xFE, 0xD5, 0xAF, 0xFE, 0x33, 0x24, 0x61,
			0x84, 0xED, 0xED, 0x4D, 0x09, 0x58, 0xC4, 0x6D, 0x21, 0x85, 0x1F, 0x0C,
			0x24, 0xF8, 0x60, 0x1C, 0x4F, 0x03, 0x48, 0x71, 0xE3, 0xE6, 0x07, 0x7D,
			0x5A, 0x62, 0x0D, 0xDB, 0x3B, 0x5B, 0x22, 0xBA, 0x14, 0x2F, 0x82, 0xAC,
			0x5A, 0xB5, 0x0E, 0xC3, 0xB4, 0x45, 0x12, 0x0E, 0x1D, 0x3A, 0x2C, 0x3A,
			0xDF, 0xEF, 0x0F, 0x10, 0x65, 0x4C, 0x9E, 0xA4, 0xC8, 0x72, 0xEE, 0x87,
			0xD0, 0xD9, 0x10, 0x75, 0x22, 0xDA, 0xA3, 0x2A, 0x90, 0x40, 0x9C, 0x47,
			0xE2, 0x0F, 0x50, 0x5A, 0x32, 0x44, 0x59, 0x82, 0x30, 0x49, 0x44, 0xDC,
			0xE3, 0x2C, 0x16, 0xAB, 0xCF, 0x98, 0x44, 0xCB, 0x35, 0xF9, 0x9D, 0x21,
			0xF5, 0xD0, 0xF7, 0xC5, 0xC0, 0x6A, 0x9F, 0xF9, 0xDC, 0x5F, 0x31, 0xBA,
			0xC4, 0xA9, 0xC7, 0xFE, 0x27, 0x2E, 0x5D, 0xBE, 0x04, 0xA7, 0xE0, 0x29,
			0xB4, 0xA7, 0xEB, 0xB0, 0x5C, 0x07, 0x45, 0xAF, 0x20, 0x14, 0x36, 0x19,
			0xFC, 0xF0, 0x65, 0x30, 0xBC, 0x4B, 0x84, 0x8A, 0xCC, 0xE4, 0xFC, 0xD3,
			0x77, 0xDE, 0x81, 0xB5, 0xD5, 0x55, 0x5C, 0xBA, 0xF4, 0x2A, 0xD2, 0x2C,
			0x13, 0x95, 0xA1, 0x4A, 0x31, 0x54, 0x4D, 0xB3, 0x10, 0x9B, 0x9B, 0x6B,
			0x58, 0x58, 0x58, 0xC4, 0xFE, 0x7E, 0x0B, 0x85, 0x42, 0x01, 0xC3, 0x61,
			0x5F, 0xBC, 0x89, 0x69, 0x9B, 0xE2, 0xA7, 0xE3, 0x90, 0xD1, 0x5C, 0x26,
			0x3A, 0x5E, 0x28, 0x14, 0x51, 0xAD, 0xD6, 0x51, 0xAD, 0xD5, 0x31, 0xD9,
			0x98, 0x92, 0x7B, 0x06, 0x61, 0x20, 0xFB, 0x11, 0x9D, 0x50, 0x69, 0x26,
			0x15, 0x6E, 0x8F, 0xB0, 0x01, 0x89, 0xC2, 0xBD, 0xF2, 0x1A, 0x8A, 0xBE,
			0x78, 0x28, 0x7A, 0x2D, 0x31, 0x7E, 0xFC, 0x3D, 0x17, 0x48, 0x4D, 0xD7,
			0x4A, 0xF7, 0x1B, 0x25, 0x8C, 0x40, 0xA8, 0x82, 0xA9, 0x18, 0x49, 0xED,
			0xCF, 0x1E, 0xF8, 0x46, 0x4E, 0xA4, 0xF7, 0xD8, 0xE3, 0xDF, 0xC2, 0xD9,
			0xF3, 0xE7, 0x64, 0x0D, 0x5B, 0x42, 0x4B, 0xA5, 0xAB, 0xE4, 0x0E, 0xAD,
			0xAF, 0x61, 0x12, 0xC4, 0xD0, 0x77, 0x87, 0x22, 0xFA, 0xBD, 0x6E, 0x17,
			0x33, 0x93, 0xD3, 0xB8, 0xF9, 0xBA, 0xE3, 0x58, 0xBD, 0xF4, 0x0A, 0xCE,
			0x9D, 0x3B, 0x23, 0x22, 0x55, 0x2A, 0x7A, 0x82, 0x19, 0x18, 0xCC, 0xD0,
			0x65, 0x5E, 0x59, 0xBB, 0x84, 0xA3, 0x47, 0x8F, 0xCA, 0xA1, 0x7B, 0xBD,
			0x2E, 0xBA, 0xFD, 0x0E, 0x6C, 0xD3, 0xC6, 0xD4, 0xCC, 0x14, 0xAE, 0xAC,
			0xAD, 0x49, 0x08, 0xCD, 0xF9, 0x1D, 0xDB, 0x91, 0x83, 0x50, 0xD5, 0x88,
			0x44, 0xA7, 0xA7, 0x66, 0xC5, 0x8F, 0xEF, 0x36, 0x5B, 0xF0, 0xA3, 0x00,
			0x09, 0xD5, 0x91, 0xEE, 0x92, 0xFF, 0xC8, 0x6D, 0x3D, 0x87, 0x26, 0xB6,
			0x88, 0xC1, 0xC5, 0x28, 0xD9, 0xC2, 0x37, 0xE6, 0x12, 0xA0, 0x8B, 0xBE,
			0xCB, 0xB5, 0x3A, 0x64, 0x1F, 0xC4, 0x02, 0xF4, 0x06, 0xC4, 0x1B, 0x74,
			0xC1, 0x4C, 0xC9, 0x85, 0x49, 0x08, 0xED, 0x73, 0x7F, 0xFE, 0x78, 0x4E,
			0x8A, 0x3D, 0xFA, 0xD8, 0x5F, 0xE1, 0xEC, 0x4F, 0xCF, 0x08, 0x75, 0x1D,
			0xB7, 0x20, 0x01, 0x06, 0x75, 0x9F, 0x5C, 0xA3, 0xA8, 0xE5, 0x39, 0x93,
			0x19, 0x06, 0xB4, 0x11, 0x90, 0x69, 0x54, 0x6B, 0xB8, 0xE1, 0xF0, 0x75,
			0xE8, 0xF7, 0xF6, 0x71, 0xE5, 0xCA, 0x2A, 0xF6, 0xF6, 0xB7, 0xD1, 0x6A,
			0x35, 0x65, 0xD3, 0x2B, 0x2B, 0xCB, 0x28, 0x78, 0x25, 0x09, 0x7B, 0xD7,
			0xD6, 0xD7, 0x30, 0x3B, 0x3B, 0x27, 0x52, 0xC4, 0xB8, 0x60, 0x18, 0x0C,
			0x51, 0x70, 0x5D, 0x01, 0x3C, 0xDB, 0xBB, 0x3B, 0x82, 0x06, 0x2B, 0x95,
			0x8A, 0xA0, 0x43, 0xC7, 0x72, 0x25, 0xB4, 0x9E, 0x98, 0x98, 0x94, 0x38,
			0x83, 0xA0, 0xC7, 0x75, 0x2B, 0x68, 0xEE, 0xEF, 0x23, 0x4D, 0x08, 0x6E,
			0xD5, 0xDA, 0x54, 0x09, 0x0E, 0x09, 0xD8, 0x46, 0x61, 0x39, 0xC3, 0x6D,
			0xEE, 0x5D, 0xCF, 0xA9, 0x08, 0x74, 0xB3, 0xCA, 0x38, 0x12, 0x85, 0x12,
			0x70, 0x89, 0x21, 0xD4, 0x35, 0x58, 0xBA, 0x23, 0x60, 0x88, 0x20, 0xCB,
			0xB4, 0x34, 0x68, 0xF7, 0x7F, 0xE9, 0x89, 0x9C, 0x9C, 0xFB, 0xD6, 0x53,
			0x4F, 0xE2, 0xB9, 0xE7, 0x9F, 0x13, 0xAA, 0x91, 0xD2, 0x34, 0x24, 0x14,
			0x3B, 0xD7, 0xA5, 0xFE, 0x17, 0x45, 0xA4, 0xE2, 0x28, 0x10, 0x3F, 0x6C,
			0x1A, 0x06, 0x5E, 0x77, 0xFC, 0x04, 0x22, 0xBF, 0x8F, 0xFD, 0xBD, 0x6D,
			0xB4, 0xDA, 0x4D, 0x39, 0xDC, 0xD6, 0xD6, 0x86, 0x60, 0xEE, 0xB5, 0x2B,
			0x97, 0xD1, 0xDA, 0x6F, 0xC9, 0xC1, 0x7E, 0xE9, 0x9D, 0xEF, 0x44, 0xBD,
			0xDE, 0xC0, 0x60, 0xD0, 0x47, 0xBB, 0xDD, 0x11, 0x6E, 0x71, 0x7B, 0xB4,
			0xD8, 0xBB, 0xCD, 0x5D, 0x21, 0x30, 0x5F, 0xD4, 0x79, 0x12, 0x80, 0xA8,
			0xB1, 0x24, 0xB9, 0x41, 0x47, 0x02, 0x97, 0xC5, 0xC5, 0x65, 0xB1, 0xDC,
			0xFB, 0xED, 0xF6, 0x48, 0xE7, 0x55, 0x5E, 0x92, 0x86, 0x34, 0x0E, 0x63,
			0xE8, 0x96, 0x21, 0xDA, 0x01, 0x23, 0x17, 0xC9, 0xD0, 0x61, 0x8A, 0x5D,
			0xA1, 0x6A, 0x84, 0x51, 0xC8, 0xD4, 0x88, 0xC4, 0x14, 0x24, 0x00, 0x53,
			0x76, 0xB4, 0x6D, 0x54, 0x39, 0x1A, 0x5A, 0x4B, 0x07, 0xB4, 0xCF, 0xFF,
			0x8F, 0x27, 0x73, 0xEA, 0xDF, 0x13, 0x4F, 0x3E, 0x81, 0xEF, 0x9E, 0xFE,
			0x91, 0x58, 0x73, 0x8B, 0xE2, 0xEB, 0x2A, 0x14, 0x48, 0x5D, 0x17, 0xA8,
			0x4A, 0x3D, 0x4C, 0x33, 0x49, 0x42, 0x1C, 0x59, 0x39, 0x0C, 0x33, 0x8F,
			0x71, 0x65, 0xFD, 0x22, 0x9A, 0xCD, 0x4D, 0xC5, 0x3D, 0xDB, 0x45, 0xBD,
			0x3E, 0x81, 0xC6, 0x44, 0x05, 0x3F, 0x79, 0xF6, 0xC7, 0x58, 0x7D, 0xF5,
			0xA2, 0x70, 0xF9, 0xE0, 0xD2, 0x12, 0xEE, 0xF8, 0x95, 0x77, 0xE1, 0xE5,
			0x57, 0x5E, 0x16, 0x71, 0xA5, 0x7F, 0x27, 0xC6, 0x28, 0x95, 0xCB, 0x92,
			0x4D, 0xDA, 0xD9, 0xD9, 0xB9, 0x0A, 0x71, 0xE7, 0xE6, 0x16, 0xB0, 0xD7,
			0x6C, 0x8A, 0x27, 0xA1, 0x08, 0x5F, 0x7F, 0xFD, 0x0D, 0x98, 0x9E, 0x99,
			0xC5, 0xD4, 0xD4, 0xB4, 0x24, 0x5B, 0x78, 0x3D, 0x11, 0xA1, 0x21, 0x2E,
			0x5A, 0x01, 0x9F, 0x38, 0x4D, 0x11, 0xF8, 0x03, 0x84, 0x49, 0x30, 0x4A,
			0xBD, 0xF1, 0x37, 0x45, 0x14, 0x72, 0x99, 0x49, 0x12, 0x12, 0x9D, 0x36,
			0x83, 0xEB, 0xD0, 0xED, 0x12, 0xDE, 0xE7, 0x29, 0x33, 0x47, 0x80, 0xF6,
			0xE5, 0x87, 0x9F, 0xCE, 0x49, 0xD9, 0x27, 0xFF, 0xFA, 0x29, 0x3C, 0xF1,
			0xA3, 0xEF, 0xC1, 0xA6, 0x85, 0x25, 0x1D, 0x6D, 0x0B, 0xAE, 0xE3, 0xCA,
			0xC1, 0x69, 0xD0, 0xE8, 0x09, 0xE8, 0xE7, 0xAF, 0x5B, 0x3A, 0x04, 0xCF,
			0x34, 0xD1, 0x6C, 0x6E, 0x61, 0x7D, 0x63, 0x4D, 0xFC, 0x3B, 0x45, 0x9C,
			0x8B, 0x31, 0x9A, 0x63, 0x54, 0xF8, 0xD0, 0x83, 0x7F, 0x8E, 0xCB, 0x97,
			0x2E, 0x09, 0x97, 0xDE, 0x72, 0xEB, 0x2F, 0xE2, 0x2D, 0x6F, 0xB9, 0x15,
			0x2F, 0xBE, 0xF4, 0x22, 0x62, 0x26, 0x29, 0x92, 0x14, 0xD3, 0x53, 0x53,
			0x62, 0x5B, 0xBE, 0xF0, 0x85, 0x2F, 0x88, 0x0B, 0xEC, 0x74, 0x3A, 0xB2,
			0xCE, 0x0D, 0x27, 0x4E, 0x48, 0x46, 0x97, 0x1E, 0x87, 0x61, 0xEC, 0xCC,
			0xF4, 0x1C, 0x96, 0x97, 0xAF, 0xC5, 0xC4, 0xE4, 0x24, 0x1A, 0x13, 0x2A,
			0xE7, 0xD0, 0x6E, 0xB7, 0x85, 0xD3, 0xC8, 0x12, 0x49, 0x8E, 0x6A, 0x86,
			0xB2, 0x37, 0xB4, 0x23, 0xC4, 0x02, 0xBE, 0x1F, 0x21, 0x8C, 0x87, 0xC8,
			0x33, 0x7A, 0x1D, 0x13, 0x96, 0xAE, 0x54, 0x59, 0x11, 0x81, 0x18, 0x22,
			0x16, 0x95, 0x48, 0xA3, 0x50, 0x08, 0xA2, 0x7D, 0xE5, 0xE1, 0xA7, 0x73,
			0x6E, 0xFE, 0xBB, 0x4F, 0x7F, 0x0F, 0xDF, 0x7A, 0xFA, 0x29, 0x94, 0x2A,
			0x15, 0x11, 0x35, 0xD1, 0xB1, 0x71, 0xD6, 0x27, 0x8E, 0x25, 0x9B, 0xB3,
			0x34, 0x33, 0x8B, 0xC3, 0x07, 0x0F, 0xA2, 0xB9, 0xBB, 0x23, 0xE2, 0x4B,
			0x4A, 0xAF, 0x1C, 0xBE, 0x66, 0xE4, 0xE6, 0x22, 0xB8, 0xB6, 0x85, 0x42,
			0xC1, 0xC6, 0xDA, 0xFA, 0x15, 0x3C, 0xFF, 0xC2, 0x69, 0x54, 0xCA, 0x65,
			0x71, 0x8D, 0xE5, 0x4A, 0x19, 0xC5, 0x32, 0x6D, 0x82, 0x07, 0xBF, 0x3F,
			0x90, 0xC3, 0xEF, 0xED, 0xED, 0xE1, 0xA9, 0xA7, 0x9E, 0x12, 0x97, 0x44,
			0x1B, 0x44, 0x49, 0x39, 0x79, 0xE2, 0xA4, 0xA8, 0x0E, 0xA5, 0x81, 0x40,
			0x8B, 0xEB, 0xCF, 0xCE, 0x2C, 0xCA, 0xE1, 0x1B, 0x8D, 0x3A, 0x2A, 0xE5,
			0x0A, 0x9A, 0xCD, 0x7D, 0xB1, 0xE8, 0x14, 0x63, 0xAA, 0x52, 0x18, 0x2B,
			0xEC, 0xCF, 0xDC, 0x05, 0xBD, 0x12, 0x25, 0x56, 0x88, 0x91, 0xA7, 0xA2,
			0x96, 0x49, 0x14, 0x4A, 0x9E, 0x81, 0x1A, 0x20, 0x12, 0xA1, 0x8D, 0x20,
			0x78, 0xC6, 0x6C, 0x75, 0x0E, 0xED, 0xE1, 0x47, 0x7E, 0x90, 0x53, 0x24,
			0xBE, 0xF7, 0xF4, 0xF7, 0xF0, 0xD8, 0x77, 0x9F, 0x10, 0x43, 0xE1, 0x7A,
			0x25, 0x71, 0x4B, 0x02, 0x43, 0x47, 0xD9, 0x1B, 0x42, 0xE2, 0x5B, 0x8E,
			0x1D, 0x47, 0x9E, 0x04, 0x58, 0xDB, 0x58, 0x07, 0x01, 0x1E, 0x39, 0x46,
			0xA4, 0x25, 0x0B, 0x32, 0xD8, 0x09, 0x02, 0xE8, 0x5A, 0x82, 0x38, 0x51,
			0xE1, 0x2E, 0xF5, 0xF9, 0xC5, 0xB3, 0x2F, 0x08, 0x90, 0xB9, 0xFE, 0xFA,
			0xEB, 0xC5, 0xA6, 0xEC, 0xEF, 0xED, 0x61, 0x67, 0x6B, 0x1B, 0x6B, 0x6B,
			0x6B, 0xC2, 0xFD, 0x73, 0xE7, 0xCE, 0x89, 0x3A, 0xBC, 0xE1, 0x4D, 0x6F,
			0x14, 0x02, 0xAC, 0xAF, 0x6D, 0x60, 0x63, 0x63, 0x5D, 0x36, 0x4A, 0xBB,
			0x30, 0x37, 0xBB, 0x88, 0x03, 0x07, 0x96, 0x84, 0x78, 0x93, 0x93, 0x13,
			0x02, 0x9D, 0x99, 0x54, 0x21, 0xFC, 0x64, 0x44, 0x98, 0xA4, 0x14, 0xED,
			0x44, 0xA0, 0x34, 0xDF, 0xC5, 0x1C, 0x18, 0x74, 0xD9, 0xB6, 0x78, 0x2D,
			0x9E, 0x9E, 0xC4, 0x61, 0x84, 0xCA, 0x5A, 0x84, 0xF8, 0x7E, 0x21, 0x88,
			0x09, 0x5D, 0x33, 0xA0, 0x7D, 0xF5, 0xD4, 0x0F, 0x73, 0xFA, 0xEE, 0xEF,
			0xFD, 0xF0, 0x07, 0xF8, 0xE6, 0x77, 0x9E, 0x10, 0x98, 0xC9, 0xC5, 0x18,
			0x07, 0xF0, 0x50, 0x94, 0x06, 0x12, 0xE0, 0xC8, 0x81, 0x25, 0xCC, 0x4F,
			0x32, 0x9D, 0xDD, 0xC6, 0xAB, 0xAF, 0x5E, 0xC4, 0x81, 0xA5, 0x15, 0x2C,
			0x2E, 0x2E, 0x0A, 0x07, 0x95, 0x0F, 0x57, 0x78, 0x81, 0x49, 0x4A, 0x12,
			0xC5, 0x1F, 0x0E, 0x44, 0x5F, 0xF7, 0xF6, 0x77, 0x25, 0x9B, 0x3B, 0x31,
			0xD1, 0x90, 0x08, 0x6E, 0x10, 0x04, 0xD8, 0x58, 0x5F, 0x97, 0x7B, 0x8E,
			0x1F, 0x3F, 0x8E, 0x5A, 0xAD, 0x8E, 0x4E, 0xB7, 0xCB, 0x74, 0x26, 0xFC,
			0x41, 0x80, 0x2C, 0x05, 0x0A, 0x05, 0x57, 0xE6, 0x22, 0x91, 0x38, 0xEF,
			0xA1, 0x95, 0xEB, 0xC4, 0x2B, 0xB0, 0x0E, 0x61, 0x1B, 0x16, 0x86, 0x41,
			0xA4, 0x22, 0x49, 0xB2, 0x95, 0x0A, 0xAB, 0xEB, 0x92, 0x4B, 0x1C, 0x0C,
			0x09, 0xBE, 0x98, 0x48, 0xE5, 0xF7, 0xAC, 0x8D, 0x18, 0x92, 0x95, 0xA6,
			0xFB, 0xA3, 0xA1, 0x1F, 0xE3, 0x87, 0x24, 0x24, 0xC1, 0x22, 0x41, 0x8B,
			0x42, 0x00, 0x4A, 0xC0, 0xB3, 0xA7, 0x9F, 0xC5, 0x37, 0xFF, 0xFA, 0x09,
			0x41, 0x5E, 0xF4, 0xC5, 0xE4, 0xBC, 0xC2, 0xDB, 0x29, 0x6A, 0xE5, 0x0A,
			0x4E, 0x5E, 0x73, 0x2D, 0xF6, 0x5B, 0xBB, 0xE8, 0xB4, 0x5B, 0xD8, 0xD9,
			0xD9, 0xC5, 0xEB, 0x6F, 0xF9, 0x05, 0x31, 0x72, 0xE4, 0xF4, 0x70, 0x30,
			0x90, 0xBA, 0x01, 0xAD, 0x2F, 0x5D, 0xCB, 0xFA, 0xFA, 0x1A, 0x06, 0x83,
			0x1E, 0x0E, 0x1C, 0x5C, 0x84, 0x1F, 0xFA, 0x78, 0xE9, 0xCC, 0x19, 0xA4,
			0x03, 0x95, 0xA8, 0x18, 0xE6, 0x99, 0x64, 0x6D, 0xAA, 0xF5, 0xBA, 0x78,
			0x07, 0x26, 0x5F, 0x18, 0xBA, 0x3A, 0xB6, 0x05, 0x66, 0xA3, 0x59, 0x39,
			0xA2, 0x11, 0x2E, 0x16, 0x4B, 0xB8, 0x70, 0xE1, 0x02, 0x2E, 0x5D, 0xBE,
			0x88, 0x99, 0x99, 0x19, 0xCC, 0xCF, 0x2D, 0x0A, 0x3E, 0x70, 0x99, 0xA5,
			0x36, 0x6D, 0xC9, 0xEA, 0x04, 0xBE, 0x2F, 0x35, 0x02, 0xE5, 0xAA, 0x55,
			0x80, 0x45, 0x83, 0x4C, 0x95, 0x8D, 0x29, 0xFA, 0xA3, 0xCA, 0x14, 0x63,
			0x15, 0x1E, 0x9C, 0x5C, 0x17, 0x00, 0x45, 0x09, 0x31, 0x34, 0x51, 0x5D,
			0xED, 0x91, 0xAF, 0x3D, 0x93, 0x93, 0xDB, 0xA7, 0x9F, 0x3F, 0x8D, 0xC7,
			0x9E, 0xFC, 0x86, 0xC4, 0x00, 0x9E, 0x57, 0x51, 0x7E, 0x94, 0x30, 0x34,
			0x4E, 0x70, 0xF2, 0xE8, 0x31, 0x54, 0x3C, 0x1B, 0x9B, 0xDB, 0x1B, 0xB8,
			0xF8, 0xEA, 0xCB, 0x12, 0xAB, 0xBF, 0xF1, 0x4D, 0xB7, 0x5F, 0xF5, 0xB3,
			0x4C, 0x37, 0xF3, 0xF0, 0xF4, 0xFD, 0x51, 0xE4, 0xC3, 0xB0, 0x72, 0xB4,
			0xDB, 0x2D, 0x38, 0x8E, 0x8D, 0x43, 0x87, 0x0F, 0xE3, 0xD9, 0x67, 0x9E,
			0xC1, 0x15, 0x82, 0xAC, 0x5C, 0x43, 0xA0, 0x6B, 0x38, 0x78, 0xF8, 0x90,
			0x10, 0x2E, 0x4D, 0x32, 0x51, 0x03, 0xCE, 0xC7, 0xBF, 0x49, 0x8C, 0x46,
			0x7D, 0x4A, 0xF2, 0x06, 0xCC, 0x0D, 0x10, 0x23, 0x7C, 0xFF, 0x07, 0xDF,
			0x91, 0x8C, 0xF4, 0xEC, 0xCC, 0x3C, 0xA6, 0xA7, 0x67, 0x50, 0x2B, 0x97,
			0x60, 0xD8, 0x0E, 0xF2, 0x8C, 0x59, 0x67, 0xE2, 0x02, 0x95, 0x7F, 0x90,
			0x78, 0x61, 0xC4, 0x79, 0x4A, 0x2D, 0xD5, 0x81, 0xC4, 0x88, 0xFC, 0x40,
			0x24, 0x99, 0x36, 0x85, 0x48, 0x82, 0xAE, 0x9C, 0xDE, 0x82, 0xEB, 0xF1,
			0xA5, 0xFD, 0xC5, 0x57, 0xBF, 0x2F, 0x5E, 0xE0, 0xCC, 0x8B, 0x67, 0xF1,
			0x97, 0xDF, 0x78, 0x18, 0x9A, 0x6E, 0xC2, 0x29, 0xD7, 0x25, 0xE9, 0xC0,
			0x0C, 0xCB, 0x42, 0x7D, 0x0A, 0x33, 0x13, 0x35, 0x04, 0x41, 0x1F, 0x5B,
			0x5B, 0x9B, 0x78, 0xFE, 0x85, 0x67, 0xB1, 0xBC, 0x74, 0x18, 0xB7, 0xDF,
			0xFE, 0x4B, 0x02, 0x6A, 0x06, 0xFD, 0x8E, 0xD4, 0xF3, 0xC8, 0x39, 0x1A,
			0x99, 0x42, 0xD1, 0x41, 0xB7, 0xD7, 0x96, 0x78, 0x81, 0xAA, 0xB5, 0xB8,
			0x78, 0x40, 0x28, 0xFD, 0xF9, 0x3F, 0xFB, 0x6F, 0xC2, 0xA5, 0x37, 0xDF,
			0xFE, 0x56, 0xF9, 0x7E, 0x6D, 0x6D, 0xFD, 0xAA, 0xB8, 0xCE, 0xCD, 0xCE,
			0x0A, 0xCC, 0xF5, 0x8A, 0x45, 0x78, 0x4E, 0x59, 0xB0, 0x88, 0x02, 0x3C,
			0x31, 0x5E, 0x38, 0xF3, 0x9C, 0x14, 0x50, 0xAE, 0x3F, 0x7A, 0x1C, 0xF3,
			0x0B, 0x8B, 0xB0, 0x4D, 0x1D, 0xA5, 0x72, 0x05, 0x05, 0xAF, 0x2E, 0xF8,
			0x80, 0x63, 0xEC, 0xDE, 0x58, 0x0F, 0xA0, 0x41, 0x64, 0xDA, 0x8B, 0x81,
			0x12, 0x89, 0x98, 0xC5, 0xAA, 0x9E, 0xC0, 0xDF, 0xE9, 0x01, 0x98, 0xCF,
			0x20, 0x63, 0xD5, 0x2B, 0x85, 0xF6, 0xE8, 0xD7, 0x9F, 0x15, 0xEF, 0xF9,
			0x37, 0xA7, 0x4F, 0xE3, 0xD1, 0x6F, 0x9E, 0x92, 0xD0, 0xD7, 0x2E, 0x37,
			0xE8, 0x02, 0x30, 0x5D, 0xA9, 0x61, 0xAE, 0x56, 0x47, 0xAF, 0xD7, 0x44,
			0x73, 0x8F, 0xFE, 0x79, 0x1F, 0x17, 0x2E, 0x9C, 0xC7, 0xFC, 0xFC, 0x02,
			0x6E, 0xBF, 0xFD, 0x6D, 0x82, 0xA8, 0x94, 0x21, 0x4A, 0x60, 0xEA, 0x2A,
			0xF4, 0x94, 0x7C, 0x35, 0x72, 0x29, 0x60, 0x12, 0x3C, 0xF1, 0xC5, 0x0D,
			0x5C, 0x78, 0xE5, 0x15, 0xCC, 0xCE, 0xCC, 0x60, 0x66, 0x66, 0x56, 0x54,
			0x77, 0x6B, 0x7B, 0x4B, 0xC4, 0x91, 0x6A, 0x40, 0x22, 0x14, 0x8A, 0x25,
			0xF9, 0x3B, 0x62, 0xDA, 0xCD, 0x71, 0x45, 0x77, 0xBB, 0xBD, 0x2E, 0x5E,
			0x7E, 0xF9, 0x65, 0x5C, 0xB8, 0xF0, 0x32, 0x8E, 0x5C, 0x7B, 0x14, 0x07,
			0x97, 0x56, 0x50, 0xAB, 0x57, 0xD0, 0xA8, 0x35, 0x50, 0x2A, 0x4E, 0x8A,
			0xA1, 0x24, 0x11, 0x49, 0x00, 0x0E, 0x39, 0x24, 0xE3, 0x8B, 0x51, 0x71,
			0x45, 0xEC, 0x83, 0x49, 0x43, 0xAE, 0xD4, 0x83, 0x49, 0x58, 0x56, 0x96,
			0x48, 0x5C, 0x66, 0xA4, 0xA5, 0xA4, 0xF7, 0xE8, 0xD7, 0x9F, 0xCB, 0x99,
			0x02, 0x3B, 0x7B, 0xE6, 0x0C, 0x1E, 0x7E, 0xF4, 0x21, 0x40, 0x37, 0x61,
			0x17, 0x6B, 0x92, 0xA1, 0x79, 0xCD, 0xCA, 0xB5, 0x08, 0x7A, 0x2D, 0xAC,
			0x6D, 0xAC, 0x22, 0xCF, 0x13, 0xAC, 0xAF, 0x6F, 0x08, 0xDA, 0xA3, 0xDF,
			0x7F, 0xC3, 0x1B, 0xDE, 0x8C, 0x7A, 0x6D, 0x42, 0x96, 0x19, 0x0E, 0x07,
			0x12, 0xAD, 0x11, 0xBD, 0x71, 0x21, 0xBA, 0x69, 0x2E, 0x46, 0x5D, 0xA3,
			0x38, 0x53, 0x94, 0x77, 0xF7, 0x9A, 0xE2, 0xFF, 0x4B, 0xC5, 0xA2, 0x88,
			0xAD, 0xE4, 0x01, 0x5C, 0x57, 0xA2, 0x40, 0xF1, 0xFB, 0xFD, 0x81, 0xDC,
			0xCB, 0x00, 0x85, 0x1B, 0xA4, 0x0D, 0x22, 0x41, 0x2E, 0x5E, 0xBC, 0x88,
			0xE7, 0x4E, 0xFF, 0x08, 0x37, 0x9E, 0xB8, 0x09, 0x07, 0x0F, 0x1C, 0x92,
			0x6C, 0xF5, 0xC4, 0x64, 0x03, 0x13, 0x8D, 0x45, 0x1C, 0x3C, 0xB0, 0x2C,
			0x78, 0x81, 0xC0, 0x89, 0x84, 0xE0, 0x81, 0x78, 0x0F, 0xDD, 0x33, 0x0F,
			0x3F, 0x1C, 0xFA, 0xF0, 0xE3, 0x81, 0x44, 0x8F, 0x34, 0xBA, 0x9C, 0xDF,
			0xD4, 0xB9, 0xB7, 0x58, 0x82, 0x32, 0x32, 0x49, 0x7B, 0xE4, 0xD4, 0x33,
			0xA2, 0x02, 0xE7, 0xCF, 0xBF, 0x84, 0x87, 0xBE, 0xF6, 0x25, 0xC0, 0xB0,
			0x61, 0x78, 0x14, 0x31, 0x17, 0x0B, 0xD5, 0x0A, 0xF6, 0x9A, 0x1B, 0x02,
			0x84, 0x68, 0xD4, 0x36, 0xB7, 0xB6, 0xE4, 0xD0, 0xF3, 0xF3, 0x73, 0xC2,
			0xD9, 0xE5, 0xA5, 0x65, 0x09, 0x97, 0x39, 0x31, 0xAB, 0xBC, 0x92, 0xD4,
			0x74, 0x54, 0x50, 0x43, 0x77, 0xCA, 0xB1, 0xBF, 0xBF, 0x2F, 0xE2, 0x48,
			0x7D, 0x63, 0x78, 0x4A, 0xE3, 0x43, 0x15, 0x48, 0xD2, 0x18, 0x96, 0x63,
			0xC3, 0x95, 0x42, 0x26, 0x33, 0x40, 0x0A, 0x98, 0xD0, 0x75, 0xF1, 0x30,
			0x34, 0x94, 0x49, 0x9C, 0xE0, 0xCC, 0xD9, 0x33, 0x78, 0xE5, 0x95, 0xF3,
			0x98, 0x9A, 0x9E, 0xC6, 0xF1, 0x63, 0xAF, 0x41, 0xA5, 0x52, 0xC5, 0x81,
			0x83, 0x07, 0xE0, 0xB9, 0x55, 0x5C, 0x77, 0xED, 0x31, 0x14, 0x8B, 0x65,
			0x71, 0x97, 0x44, 0x94, 0x04, 0x49, 0x44, 0x9A, 0x54, 0x35, 0xC6, 0x21,
			0x84, 0xC2, 0xCC, 0x07, 0x70, 0x5E, 0x7A, 0x2B, 0xE6, 0x39, 0x09, 0xDC,
			0x18, 0x25, 0xAA, 0x9C, 0x64, 0x0E, 0xED, 0xC1, 0x2F, 0x7F, 0x27, 0x67,
			0x9C, 0x7E, 0xF9, 0xCA, 0x2A, 0xBE, 0x7C, 0xEA, 0x21, 0xC0, 0x24, 0x01,
			0x0A, 0x12, 0x77, 0xBB, 0x48, 0x11, 0x0C, 0xDA, 0x12, 0x4E, 0x52, 0x05,
			0x0A, 0xC5, 0x02, 0x0E, 0xAF, 0x5C, 0x2B, 0x9B, 0x20, 0xE5, 0xA9, 0x6B,
			0xB4, 0xD0, 0x22, 0xBA, 0xCC, 0xF1, 0x3B, 0x8E, 0x84, 0xB4, 0xF4, 0xBB,
			0x9D, 0x6E, 0x07, 0x51, 0x1C, 0xCA, 0xF7, 0xD4, 0x69, 0x46, 0x88, 0xE4,
			0xC2, 0x18, 0xF5, 0x95, 0x2B, 0x15, 0xE1, 0x18, 0x8D, 0x13, 0xD7, 0x27,
			0x11, 0x09, 0x91, 0x69, 0xB8, 0xC8, 0x3D, 0x72, 0x67, 0x73, 0x73, 0x4B,
			0x6A, 0x0B, 0x9C, 0x83, 0xE9, 0xF2, 0xEB, 0x8E, 0x1E, 0xC5, 0xDC, 0xEC,
			0x1C, 0xE6, 0xE6, 0xE6, 0xE0, 0x79, 0x65, 0xCC, 0xCF, 0x1E, 0xC4, 0xD2,
			0xD2, 0x61, 0xB9, 0x97, 0x2E, 0x97, 0x48, 0x91, 0x49, 0x96, 0x20, 0x18,
			0xCA, 0x9E, 0x78, 0x40, 0x29, 0xBA, 0x64, 0x39, 0xE2, 0x24, 0x42, 0x24,
			0x39, 0x00, 0x62, 0x88, 0x5C, 0x31, 0x8E, 0xD5, 0xEE, 0x07, 0xBE, 0xF8,
			0x78, 0x4E, 0x2E, 0x30, 0x67, 0xF6, 0xC8, 0xD7, 0x4F, 0x81, 0x65, 0x8B,
			0x9C, 0xA9, 0x6F, 0x4D, 0x87, 0xDF, 0x6A, 0xA3, 0xD7, 0xDE, 0x45, 0xBF,
			0xBB, 0x87, 0x89, 0x46, 0x03, 0xF3, 0xF3, 0xF3, 0x58, 0x5E, 0xA2, 0x05,
			0x67, 0xBD, 0x30, 0x41, 0xA7, 0xD3, 0x42, 0xA7, 0xDB, 0x12, 0x1F, 0x3D,
			0x33, 0x33, 0x25, 0x70, 0x93, 0x6E, 0x93, 0x81, 0xCF, 0x70, 0x30, 0x94,
			0x8D, 0x0D, 0xFC, 0xA1, 0xB8, 0x49, 0x42, 0x72, 0x8A, 0x2F, 0x03, 0x1D,
			0x65, 0xA5, 0x53, 0x91, 0x18, 0xC2, 0x53, 0x6E, 0x9E, 0x1B, 0x66, 0x06,
			0x87, 0x28, 0x91, 0x87, 0xDD, 0xDD, 0xDD, 0x91, 0xBE, 0x01, 0xA9, 0x48,
			0xA5, 0x29, 0x5E, 0x7C, 0xF1, 0x05, 0x14, 0xCA, 0x25, 0xBC, 0xFE, 0xE6,
			0xD7, 0x4B, 0x70, 0xC6, 0xDF, 0x18, 0x7B, 0x1C, 0x3F, 0x76, 0x93, 0x60,
			0x09, 0xA5, 0xD7, 0x54, 0x83, 0x44, 0x98, 0xD3, 0xED, 0x76, 0xE4, 0xE0,
			0x8C, 0x20, 0x99, 0xA7, 0x90, 0x0D, 0xD0, 0x1F, 0x66, 0x39, 0x06, 0xC3,
			0x0E, 0x86, 0x3E, 0x13, 0x33, 0x06, 0xB4, 0xCF, 0x3C, 0xF0, 0x58, 0x4E,
			0xB1, 0xB9, 0x7C, 0xF9, 0x32, 0xBE, 0xFF, 0xCC, 0xF7, 0x11, 0x64, 0x09,
			0xAC, 0x82, 0x27, 0xED, 0x27, 0xBD, 0xBD, 0x0E, 0xFA, 0xAD, 0x6D, 0xF8,
			0xFD, 0x7D, 0x1C, 0x3A, 0x74, 0x48, 0x12, 0x1B, 0xAC, 0x03, 0x56, 0x2B,
			0x0D, 0xB1, 0xC0, 0xED, 0x4E, 0x13, 0x9D, 0xEE, 0xBE, 0x88, 0x17, 0x97,
			0xA2, 0x44, 0x10, 0x15, 0x4A, 0x54, 0xA6, 0xEB, 0x72, 0x70, 0xA6, 0xA3,
			0xC9, 0x71, 0xC2, 0x4E, 0x82, 0x8F, 0x7A, 0xAD, 0x0E, 0xD7, 0xB6, 0x05,
			0x68, 0xD1, 0x3B, 0xB8, 0xCC, 0x3E, 0x31, 0x5B, 0x64, 0x1A, 0xE8, 0xEC,
			0xB7, 0x84, 0x18, 0xBC, 0x8E, 0x81, 0x11, 0x73, 0x02, 0x24, 0x0A, 0x8D,
			0xEF, 0xB9, 0x73, 0x3F, 0xC5, 0xFE, 0x5E, 0x13, 0xAF, 0x7D, 0xED, 0x6B,
			0x31, 0x39, 0x39, 0x2B, 0x87, 0x9B, 0x5F, 0x98, 0xC7, 0x75, 0xD7, 0x9E,
			0xC0, 0xC2, 0xFC, 0xA2, 0x24, 0x42, 0x78, 0x78, 0xA5, 0x02, 0xAC, 0x0D,
			0x76, 0xB1, 0xB9, 0xB9, 0x0E, 0xC7, 0x35, 0xE1, 0x07, 0x3E, 0x32, 0x86,
			0xC9, 0x62, 0x0C, 0x69, 0x14, 0x59, 0x45, 0xEA, 0xC0, 0x67, 0x5B, 0xCD,
			0xDD, 0xBF, 0xF3, 0x07, 0x39, 0x75, 0xA5, 0xDB, 0xE9, 0x48, 0x5F, 0x4E,
			0x4C, 0x1C, 0xE0, 0xB2, 0x08, 0x12, 0xC0, 0x1F, 0x0C, 0x30, 0x68, 0x6F,
			0x23, 0xF2, 0x7B, 0x78, 0xCD, 0xF1, 0x13, 0x42, 0x80, 0x5A, 0xB5, 0x21,
			0x65, 0x25, 0x26, 0x28, 0xF6, 0xF7, 0x77, 0x91, 0x66, 0x4C, 0x7A, 0xE6,
			0xE8, 0x74, 0xDB, 0x68, 0x77, 0x3B, 0xB2, 0x09, 0x1E, 0x98, 0x38, 0x9E,
			0x83, 0x9F, 0xA9, 0xF3, 0x24, 0xD2, 0xF8, 0x37, 0x1E, 0x98, 0xC8, 0x4D,
			0xAC, 0xB7, 0xC4, 0xB2, 0x8C, 0xF5, 0x54, 0x4E, 0x5F, 0xB9, 0xCE, 0x45,
			0x34, 0x1A, 0x53, 0xC2, 0x21, 0x72, 0xAF, 0xB5, 0xBF, 0x8F, 0xF3, 0xAF,
			0x9C, 0xC3, 0xE6, 0xC6, 0xBA, 0x48, 0xE2, 0x35, 0x87, 0xAF, 0x15, 0x97,
			0x4B, 0x5C, 0x30, 0x37, 0xBB, 0x84, 0x7F, 0x74, 0xCB, 0x9B, 0x65, 0x3D,
			0xAA, 0x0D, 0x5F, 0x8E, 0xE3, 0x8A, 0xDD, 0xA2, 0xFD, 0xB1, 0x1D, 0x03,
			0x7E, 0x10, 0x88, 0x41, 0xE4, 0xBA, 0x0C, 0x87, 0xB9, 0x87, 0x80, 0x45,
			0x55, 0x4A, 0xC0, 0xAF, 0xFD, 0xE6, 0x47, 0xF3, 0xFE, 0x70, 0x20, 0x19,
			0x9E, 0xD6, 0xEE, 0x9E, 0xB8, 0x36, 0xE6, 0x04, 0x59, 0x47, 0x4B, 0x69,
			0xC1, 0x7B, 0x4D, 0x24, 0x41, 0x1F, 0x37, 0xDC, 0x70, 0x23, 0xE6, 0x66,
			0xE7, 0xE1, 0x78, 0x1E, 0x1C, 0x93, 0x46, 0x4C, 0xB9, 0x9F, 0x20, 0x18,
			0x48, 0xFE, 0x8F, 0x46, 0x32, 0x66, 0x76, 0x46, 0x57, 0x45, 0x53, 0x4A,
			0x1C, 0xD3, 0xE4, 0xE4, 0x06, 0xC5, 0x5B, 0x0D, 0x02, 0xA4, 0xAE, 0xAA,
			0x1C, 0x51, 0xF7, 0x89, 0x35, 0x18, 0x94, 0x80, 0xF5, 0x7D, 0x26, 0x42,
			0x1A, 0xB2, 0x79, 0x62, 0xD6, 0x72, 0xB9, 0x0A, 0xC7, 0xB5, 0x24, 0xE7,
			0xCF, 0xBD, 0xED, 0xEE, 0x6E, 0x63, 0x6D, 0x63, 0x0D, 0x96, 0xAE, 0xE3,
			0xC8, 0x91, 0xEB, 0xE0, 0x38, 0x05, 0xC4, 0x51, 0x82, 0x6B, 0xAF, 0xB9,
			0x1E, 0xB7, 0xDE, 0xFA, 0x36, 0xB1, 0x2F, 0xE4, 0xFE, 0x78, 0x70, 0x5E,
			0x96, 0xEC, 0x0D, 0xCB, 0x14, 0x95, 0xE4, 0x7E, 0xC8, 0x71, 0x7E, 0x4E,
			0xF2, 0x14, 0xA6, 0xAE, 0xB2, 0xC6, 0xDA, 0xBF, 0xFC, 0xCD, 0x8F, 0x8A,
			0x0A, 0x74, 0xDB, 0x6D, 0xEC, 0x6E, 0x6E, 0x09, 0xD5, 0xDD, 0x62, 0x01,
			0x9D, 0x4E, 0x1B, 0x59, 0x14, 0x21, 0xF5, 0x07, 0xC8, 0x93, 0x21, 0x4E,
			0x9C, 0xB8, 0x11, 0x33, 0xD3, 0xF3, 0x42, 0x79, 0x72, 0x92, 0x06, 0x4F,
			0x08, 0x10, 0x06, 0x18, 0xFA, 0x7D, 0xD1, 0x2F, 0x7E, 0xA6, 0x0B, 0x22,
			0xA2, 0x63, 0x7E, 0x80, 0x9B, 0xA0, 0x01, 0x93, 0x0A, 0xB1, 0xA6, 0xBA,
			0x4D, 0xB8, 0xA9, 0x62, 0xB1, 0x30, 0xFA, 0x2D, 0x12, 0xAE, 0xF0, 0x33,
			0x55, 0x86, 0xFA, 0xDE, 0x98, 0x9C, 0x94, 0xEB, 0x48, 0x04, 0xF6, 0x18,
			0x50, 0x12, 0x59, 0xD4, 0xA0, 0x71, 0xA3, 0x94, 0xF1, 0xEF, 0xC3, 0x87,
			0x8F, 0xE0, 0xE6, 0x9B, 0x7E, 0x01, 0xF3, 0x73, 0xF3, 0x28, 0x57, 0xAA,
			0xF0, 0x58, 0xCB, 0xD0, 0x35, 0x99, 0x6F, 0x3C, 0x17, 0xDF, 0x39, 0x37,
			0x69, 0x4F, 0x69, 0xA3, 0xA0, 0xF1, 0xEF, 0x8D, 0x9D, 0x0D, 0xC4, 0x51,
			0x24, 0x99, 0x65, 0xBA, 0x5F, 0xED, 0xD7, 0xDF, 0xFF, 0x89, 0x9C, 0x3F,
			0xB4, 0xF7, 0xF7, 0xB1, 0x76, 0xF9, 0x12, 0x74, 0x76, 0x55, 0x14, 0x3C,
			0x11, 0xA5, 0x54, 0x08, 0xD0, 0x93, 0x72, 0xF8, 0x89, 0x1B, 0x6E, 0x14,
			0x10, 0x43, 0xFD, 0xA4, 0x3B, 0xE3, 0x26, 0x29, 0xD6, 0xD4, 0xDD, 0x5C,
			0xCB, 0x04, 0xFF, 0x48, 0x45, 0x36, 0xA4, 0x7F, 0x67, 0xD5, 0x58, 0xD5,
			0x16, 0x89, 0x0A, 0x29, 0x72, 0xDC, 0x10, 0x8D, 0x13, 0xEF, 0xA3, 0xB8,
			0xF2, 0x6F, 0xBA, 0xAF, 0xF1, 0xC1, 0xB9, 0x07, 0x7E, 0x9E, 0x99, 0x9B,
			0x13, 0xC9, 0x21, 0x8E, 0xA7, 0xA4, 0x70, 0x90, 0xD0, 0x14, 0x69, 0xA6,
			0xD7, 0x39, 0xC7, 0xF4, 0xCC, 0x0C, 0x6E, 0xBE, 0xF1, 0x4D, 0x38, 0x79,
			0xF2, 0x66, 0x99, 0x67, 0x4C, 0x5C, 0x75, 0x5D, 0xF8, 0x33, 0xDF, 0x71,
			0x5E, 0x69, 0xAB, 0xA3, 0x5B, 0x66, 0xD1, 0x34, 0x0E, 0xB1, 0xBD, 0xB5,
			0x8D, 0x7E, 0x77, 0x20, 0x73, 0x6B, 0xBF, 0x76, 0xF7, 0x3D, 0x92, 0x15,
			0x66, 0x8C, 0x7F, 0xE5, 0xD2, 0x25, 0x98, 0xAE, 0x87, 0x82, 0xE7, 0xC9,
			0x44, 0x84, 0x8D, 0x41, 0xAF, 0x0B, 0x5B, 0xD7, 0x70, 0xC3, 0xB1, 0x63,
			0x68, 0xD4, 0x27, 0x11, 0x52, 0x7F, 0xC3, 0x80, 0xDD, 0x48, 0x22, 0x05,
			0x1C, 0x34, 0x5C, 0xCC, 0xDB, 0xF3, 0x7A, 0x26, 0x1F, 0x99, 0x72, 0x6E,
			0xD4, 0xEB, 0x88, 0x25, 0x77, 0x9F, 0x88, 0xA8, 0x32, 0xFB, 0xCB, 0x03,
			0x32, 0x75, 0x95, 0x31, 0x7C, 0x65, 0x77, 0x57, 0x14, 0x0A, 0x17, 0xAA,
			0x95, 0xAA, 0xB8, 0x49, 0x12, 0x9D, 0x9B, 0xA6, 0x14, 0x8A, 0x0D, 0xF2,
			0x7D, 0x39, 0x0C, 0x3D, 0x07, 0x0F, 0xC4, 0xBF, 0xBB, 0xDD, 0xB6, 0x54,
			0xA9, 0x8E, 0x1F, 0x3D, 0x89, 0x9B, 0x6F, 0xBE, 0x45, 0x72, 0x00, 0x1C,
			0x24, 0x32, 0xF7, 0x4C, 0xE9, 0x64, 0xAE, 0x81, 0x6A, 0x47, 0x7B, 0x42,
			0xD5, 0x60, 0xBC, 0xC2, 0xB8, 0x64, 0x38, 0xA4, 0x24, 0x68, 0x42, 0x44,
			0xBA, 0x4C, 0x06, 0x61, 0xDA, 0x7B, 0x7E, 0xFB, 0x3F, 0x4B, 0x1E, 0x75,
			0x75, 0xF5, 0x02, 0x36, 0xD6, 0xD6, 0xC0, 0x42, 0x21, 0x6F, 0x54, 0xAD,
			0x68, 0x89, 0x94, 0xAA, 0x6D, 0x2D, 0xC3, 0xB1, 0x23, 0xD7, 0x60, 0x6A,
			0x62, 0x56, 0xA2, 0x2F, 0x96, 0xC6, 0xD4, 0xEF, 0xB1, 0xA0, 0x39, 0x5E,
			0x47, 0xEA, 0x7A, 0x05, 0x0F, 0x5E, 0xC1, 0x55, 0xF1, 0xBA, 0xF8, 0xF2,
			0x40, 0x52, 0xE4, 0x0C, 0x7A, 0xA8, 0xF3, 0x6C, 0x54, 0xE0, 0xA1, 0x2D,
			0x93, 0xDD, 0x5F, 0x4A, 0x35, 0x94, 0xEE, 0x26, 0x98, 0x99, 0x9E, 0x15,
			0xFD, 0xDF, 0xDB, 0xDB, 0x85, 0x1F, 0x0E, 0x25, 0xDD, 0xA5, 0xA2, 0x4B,
			0x65, 0x44, 0x49, 0x6C, 0x96, 0xBA, 0x87, 0x43, 0x4A, 0x91, 0x85, 0xF9,
			0xF9, 0x25, 0xBC, 0xEE, 0x75, 0x6F, 0x40, 0xA9, 0x50, 0x14, 0x02, 0xB0,
			0xC0, 0x42, 0x09, 0xE0, 0x8B, 0xAA, 0xA0, 0xD4, 0x81, 0xAD, 0x3C, 0xE6,
			0x08, 0x95, 0xF2, 0x5D, 0xA9, 0x1C, 0x89, 0x44, 0x66, 0xF4, 0x06, 0x3D,
			0x68, 0xFF, 0xFE, 0xDE, 0xFF, 0x9E, 0xF7, 0xFC, 0x01, 0x5E, 0x3A, 0xFB,
			0x02, 0xAE, 0x5C, 0xB9, 0x24, 0x3A, 0x2E, 0xF5, 0x3F, 0x82, 0x07, 0x26,
			0x15, 0xD9, 0x89, 0x99, 0x84, 0xB8, 0x66, 0x65, 0x19, 0x73, 0xD3, 0x07,
			0x54, 0xAE, 0x30, 0x23, 0x8A, 0x62, 0x82, 0x61, 0x28, 0x39, 0x39, 0xEA,
			0x5F, 0xD1, 0x2D, 0xAA, 0x74, 0xB8, 0xAD, 0x0B, 0xF6, 0x1F, 0x1B, 0x40,
			0x52, 0x5C, 0xAC, 0xAE, 0x10, 0x43, 0xF5, 0x07, 0x70, 0x0D, 0xC2, 0xE3,
			0x71, 0xF2, 0x92, 0xDC, 0x2A, 0x15, 0xAB, 0xB2, 0xA9, 0xAD, 0xED, 0x0D,
			0xB1, 0x25, 0x2E, 0x8B, 0x31, 0x0C, 0xB1, 0x19, 0xDD, 0x59, 0xE6, 0xD5,
			0x7C, 0x03, 0xE7, 0xF5, 0xDC, 0x02, 0xAA, 0xD5, 0x49, 0x9C, 0xBC, 0xF1,
			0xF5, 0x23, 0x2C, 0xA1, 0x5A, 0xEA, 0xC6, 0x9E, 0x87, 0x6B, 0x11, 0xE9,
			0x71, 0x1D, 0x42, 0xDE, 0x56, 0xBB, 0x35, 0x92, 0x22, 0x1D, 0x7E, 0x30,
			0x84, 0xCD, 0xF4, 0xBE, 0xF4, 0x30, 0x02, 0xDA, 0xEF, 0x7C, 0xFC, 0x4F,
			0xF3, 0x61, 0x14, 0xE0, 0xC5, 0x33, 0xCF, 0xE3, 0xE2, 0xEA, 0x05, 0x89,
			0xC5, 0xA5, 0x2B, 0x84, 0x5D, 0x59, 0xAC, 0xBD, 0x67, 0x31, 0x92, 0x28,
			0xC0, 0xF2, 0xE2, 0x01, 0x1C, 0x98, 0x3F, 0x24, 0x68, 0x90, 0x71, 0x01,
			0x4B, 0x57, 0x84, 0x9C, 0xAC, 0xBE, 0xB2, 0xDC, 0xC5, 0x44, 0x25, 0xB3,
			0xAF, 0xA2, 0x6B, 0x59, 0x82, 0xC1, 0x70, 0x28, 0x55, 0x1E, 0x8D, 0x29,
			0x68, 0x16, 0x32, 0x99, 0x4E, 0x67, 0x1E, 0x9E, 0x79, 0x3A, 0xE2, 0x82,
			0x51, 0x48, 0x3A, 0x2E, 0x9B, 0x11, 0xB2, 0x91, 0xD8, 0x04, 0x4E, 0xE4,
			0xB8, 0x74, 0x97, 0x49, 0x67, 0xA9, 0x85, 0x7C, 0x04, 0xAB, 0x29, 0x2D,
			0x2C, 0xBF, 0xD5, 0xEA, 0x13, 0x98, 0x68, 0x10, 0x1A, 0xDF, 0x28, 0x06,
			0x97, 0x44, 0x26, 0xAA, 0xE4, 0x7C, 0x7C, 0x71, 0xF0, 0x3B, 0xE6, 0x24,
			0x19, 0xF1, 0x11, 0x07, 0xB0, 0x22, 0xC5, 0x2A, 0x11, 0x2B, 0xD7, 0x9E,
			0xC0, 0x77, 0x66, 0x92, 0x72, 0x68, 0xBF, 0xF5, 0xD1, 0xCF, 0xE4, 0xCC,
			0x9F, 0x31, 0xE2, 0x7A, 0xE9, 0xA5, 0xB3, 0x18, 0x0C, 0x03, 0x94, 0x3C,
			0x17, 0x79, 0xC6, 0xCA, 0x6C, 0x2A, 0x21, 0x71, 0x12, 0x0E, 0x71, 0x60,
			0x7E, 0x01, 0x07, 0x16, 0x0E, 0x4B, 0x9A, 0x5C, 0x92, 0x0C, 0x4C, 0x37,
			0x33, 0xD3, 0x92, 0x5B, 0xA2, 0x4F, 0x24, 0x1A, 0xB2, 0x18, 0x6E, 0x51,
			0xD9, 0x8F, 0x5E, 0x6F, 0x28, 0x1C, 0x64, 0x62, 0x83, 0x2A, 0x62, 0x5A,
			0x2A, 0x6B, 0x43, 0xE4, 0x47, 0x4E, 0x88, 0x05, 0x26, 0xAD, 0x72, 0x72,
			0xB5, 0x0F, 0x7F, 0xA8, 0x22, 0x39, 0x09, 0x89, 0x3D, 0x0F, 0xC1, 0x60,
			0xA8, 0xF2, 0xF7, 0xAC, 0x16, 0xE7, 0x99, 0xCA, 0xF4, 0x12, 0x5C, 0x0D,
			0x7D, 0x54, 0x2A, 0x75, 0x51, 0x99, 0x1B, 0x4F, 0xDC, 0x8C, 0x52, 0xB1,
			0x24, 0x76, 0x42, 0x1A, 0x28, 0x85, 0xA8, 0xD6, 0x48, 0xEC, 0x55, 0x37,
			0x29, 0x07, 0xBF, 0xA7, 0xFD, 0xE0, 0xBE, 0x28, 0x95, 0x0C, 0xDE, 0x54,
			0x43, 0x82, 0x0E, 0xED, 0x3F, 0xDE, 0xF7, 0x60, 0x1E, 0x44, 0x21, 0x76,
			0x9B, 0x3B, 0x78, 0xE9, 0xA7, 0x2F, 0xE1, 0xDC, 0xF9, 0x97, 0xE0, 0xDA,
			0x1E, 0xF2, 0x54, 0x05, 0x15, 0xA4, 0x20, 0xA2, 0x00, 0x45, 0xB7, 0x80,
			0x23, 0x47, 0x8E, 0x4A, 0x07, 0x98, 0x57, 0x60, 0xE5, 0x48, 0x71, 0x91,
			0x45, 0x4A, 0xB5, 0x88, 0xAA, 0xB6, 0x98, 0x96, 0x21, 0x62, 0x4A, 0xA4,
			0x48, 0x2E, 0x50, 0x44, 0x29, 0xBE, 0x54, 0x13, 0x85, 0xF3, 0x21, 0x1B,
			0x19, 0x8B, 0x2B, 0x37, 0x4A, 0x6B, 0x3F, 0xF6, 0x2C, 0x84, 0xBB, 0xAC,
			0x4C, 0x91, 0x53, 0xB2, 0x7E, 0x9C, 0x22, 0x8B, 0x13, 0x21, 0x2C, 0x53,
			0x5E, 0xFC, 0xBE, 0x56, 0x6B, 0x60, 0x66, 0x66, 0x01, 0xC7, 0xAE, 0xBF,
			0x41, 0x82, 0xB2, 0xB1, 0x9A, 0x91, 0x10, 0x54, 0x23, 0xEE, 0x8B, 0xDF,
			0x8D, 0xF5, 0x9D, 0x83, 0xEF, 0xFC, 0x9D, 0x6E, 0x98, 0xE8, 0x95, 0xC6,
			0x94, 0x6E, 0x5D, 0xFB, 0xFD, 0x3F, 0xFA, 0x4A, 0x9E, 0xEB, 0x40, 0xAB,
			0xD3, 0xC1, 0xA5, 0x2B, 0x97, 0xF0, 0x93, 0x9F, 0xFC, 0x48, 0x5A, 0x4F,
			0x68, 0xE5, 0x75, 0x81, 0xCF, 0x09, 0xF2, 0x38, 0x14, 0x00, 0xB2, 0x30,
			0xBF, 0x80, 0xC9, 0x89, 0x39, 0xC9, 0x16, 0xD9, 0x36, 0xAD, 0x35, 0x8B,
			0x10, 0x2C, 0x3B, 0xEB, 0x22, 0xDE, 0x74, 0x5D, 0x84, 0xAE, 0xBD, 0x7E,
			0x4F, 0x16, 0xE5, 0xA6, 0x54, 0x80, 0xA4, 0xF4, 0x97, 0x1B, 0xE0, 0x3B,
			0x39, 0x4C, 0x8E, 0x70, 0xB0, 0xCD, 0x8E, 0x05, 0x14, 0xEA, 0x2B, 0xBF,
			0x67, 0xEA, 0x5C, 0x5A, 0x5A, 0xD2, 0x54, 0x08, 0x13, 0xFA, 0x81, 0xE4,
			0x08, 0x99, 0x30, 0x11, 0xCE, 0x01, 0x92, 0x43, 0x58, 0x9C, 0x5F, 0xC1,
			0xCA, 0xCA, 0x11, 0x91, 0x0C, 0x51, 0x95, 0x51, 0xB8, 0x4B, 0x02, 0xD0,
			0x06, 0x70, 0xF0, 0x7B, 0x12, 0x9A, 0x84, 0xE0, 0x7A, 0x24, 0x0A, 0xDF,
			0xB9, 0x07, 0x21, 0x3C, 0x3B, 0x5C, 0x3F, 0xF1, 0x7B, 0x9F, 0xCF, 0x0D,
			0x69, 0x35, 0x89, 0xE5, 0x46, 0x5A, 0xE6, 0xED, 0x9D, 0x5D, 0xEC, 0x6C,
			0x6F, 0x09, 0xF4, 0x1C, 0xF4, 0x5B, 0xD0, 0x52, 0xF6, 0xF2, 0xA4, 0x98,
			0xA8, 0x37, 0x30, 0x3B, 0xB7, 0x28, 0x93, 0xBB, 0xAE, 0x25, 0xA5, 0xEF,
			0x54, 0xFA, 0x86, 0x98, 0x3E, 0xD7, 0x10, 0x8C, 0x90, 0x18, 0x4B, 0xDF,
			0xE3, 0x98, 0x80, 0x0B, 0x31, 0x9D, 0xCD, 0xB4, 0xD5, 0xD8, 0x47, 0xF3,
			0xA0, 0x54, 0x1B, 0xBE, 0x2B, 0x63, 0xC5, 0xCA, 0x8D, 0x21, 0x9C, 0x57,
			0xFE, 0x3F, 0x81, 0x5D, 0xF0, 0x10, 0x07, 0x0A, 0x58, 0x8D, 0x0F, 0x45,
			0xA2, 0xF0, 0xA0, 0x8D, 0xC6, 0x04, 0xE6, 0x67, 0x97, 0xB1, 0xB0, 0x70,
			0x50, 0x0E, 0xC8, 0x75, 0x78, 0x58, 0x5E, 0xC7, 0x75, 0x68, 0x93, 0xB8,
			0x1F, 0x1E, 0x9C, 0x83, 0x92, 0xC5, 0x9C, 0x01, 0x7F, 0xE7, 0xF5, 0x24,
			0x02, 0xE7, 0x13, 0xA2, 0xDC, 0x73, 0xEF, 0xFD, 0x39, 0x7F, 0x20, 0xB7,
			0x38, 0x11, 0xA9, 0x4E, 0x3F, 0xDE, 0xE9, 0x77, 0x71, 0xFA, 0xF4, 0x73,
			0xD8, 0x58, 0xBB, 0x88, 0x9C, 0x25, 0x6E, 0x31, 0x32, 0x06, 0xA6, 0xA7,
			0x66, 0xA4, 0x2C, 0xCE, 0xFA, 0x3A, 0xF5, 0x9E, 0xE6, 0x89, 0x06, 0x8B,
			0x8A, 0xC0, 0x7C, 0xBD, 0x74, 0x83, 0x6A, 0x54, 0x0D, 0xD5, 0xAC, 0x4C,
			0x2A, 0xD3, 0xBD, 0x29, 0x37, 0x36, 0x94, 0x75, 0xB8, 0x59, 0x6E, 0x8E,
			0x2F, 0x82, 0xA0, 0x31, 0x47, 0x78, 0x38, 0x4A, 0x0B, 0xF7, 0xC1, 0x7B,
			0x79, 0x1D, 0xDF, 0x39, 0x68, 0x27, 0x48, 0x3C, 0xE6, 0x1D, 0x27, 0x26,
			0xA6, 0xB0, 0xB0, 0xB0, 0x82, 0x89, 0xC6, 0xA4, 0xEA, 0x36, 0xA1, 0x8D,
			0x60, 0x47, 0xCB, 0x08, 0x5A, 0x73, 0x8C, 0xCF, 0xC4, 0xB9, 0x39, 0x0F,
			0xB1, 0x01, 0xD7, 0xE3, 0x5E, 0x98, 0x2A, 0x53, 0x5E, 0x20, 0x87, 0xF6,
			0xD1, 0x4F, 0x3D, 0xC0, 0x2A, 0xA2, 0x74, 0x54, 0xD0, 0x28, 0xF1, 0x07,
			0x02, 0x97, 0xF6, 0xB0, 0x2F, 0x76, 0xE1, 0xFC, 0xF9, 0xB3, 0xD8, 0xDE,
			0x5A, 0x43, 0xEC, 0xF7, 0xC5, 0xFF, 0xD3, 0xEA, 0x4E, 0x4F, 0x4E, 0x49,
			0xC7, 0x08, 0x23, 0x3A, 0x59, 0x58, 0xAA, 0xC7, 0xAC, 0x28, 0x09, 0xDC,
			0x97, 0x0D, 0x31, 0xE5, 0x34, 0x1E, 0xDC, 0x14, 0x89, 0xC5, 0x96, 0x18,
			0xD7, 0x2D, 0xC8, 0x45, 0x5C, 0x5C, 0x81, 0x2D, 0x55, 0x80, 0xE1, 0x20,
			0x01, 0xA4, 0x09, 0x6A, 0x54, 0x67, 0x18, 0x13, 0x93, 0x98, 0x83, 0x9B,
			0xE7, 0xEF, 0xE5, 0x72, 0x03, 0xAE, 0x53, 0xC0, 0xF2, 0xD2, 0x35, 0x62,
			0x60, 0x59, 0x55, 0xA6, 0x4A, 0x32, 0x9E, 0xE0, 0x3A, 0xBC, 0x9F, 0xD7,
			0x91, 0x00, 0x3C, 0x17, 0x2B, 0x5C, 0x9C, 0x8B, 0x04, 0x26, 0x06, 0x21,
			0xD7, 0x29, 0x6D, 0x63, 0x1B, 0xA1, 0x7D, 0xEA, 0xBE, 0x2F, 0xE5, 0x34,
			0x2C, 0xD4, 0x75, 0x5A, 0x67, 0x6E, 0x48, 0x5A, 0x5B, 0x12, 0x56, 0x56,
			0x7C, 0x0C, 0x82, 0x3E, 0xCE, 0x9D, 0x3B, 0x8B, 0x9F, 0x9E, 0xF9, 0x89,
			0x64, 0x58, 0x39, 0xEF, 0xE4, 0xD4, 0x94, 0xC2, 0xFB, 0x8E, 0xAB, 0xAA,
			0xAE, 0xA3, 0xB6, 0x59, 0x2E, 0x4A, 0x2E, 0x70, 0x72, 0x22, 0x40, 0x79,
			0x97, 0xE7, 0x05, 0x94, 0x51, 0xE2, 0x26, 0xF8, 0xCE, 0xEB, 0xB8, 0x59,
			0xAE, 0xC7, 0x17, 0xDD, 0x1E, 0xFF, 0xE6, 0xEF, 0x24, 0x0C, 0x0F, 0x40,
			0x22, 0xB1, 0xD7, 0x87, 0x86, 0x73, 0xAC, 0xD3, 0x34, 0xA8, 0x86, 0x6E,
			0x4B, 0x9C, 0xB1, 0xB8, 0x78, 0x58, 0x70, 0x07, 0x25, 0x8B, 0x68, 0x50,
			0x63, 0x49, 0x8F, 0x6B, 0x11, 0x01, 0x72, 0x5F, 0xEC, 0x66, 0xE3, 0x66,
			0xA9, 0x1E, 0xC2, 0x85, 0x5C, 0x35, 0x6A, 0xF2, 0x01, 0x0B, 0xA6, 0x05,
			0xD8, 0x3D, 0x12, 0x46, 0xD0, 0x3E, 0xFE, 0x7B, 0x9F, 0x6B, 0x19, 0xBA,
			0x56, 0x23, 0x72, 0xE3, 0x84, 0x9C, 0x80, 0xDC, 0x23, 0x21, 0x7C, 0x3F,
			0x94, 0xBC, 0x7E, 0xAB, 0xD3, 0xC6, 0x77, 0xBF, 0xFD, 0xBF, 0xD0, 0x6A,
			0x6E, 0xCA, 0x04, 0xCC, 0xE6, 0xF0, 0x61, 0x07, 0x66, 0x7E, 0xB8, 0x00,
			0x45, 0x8D, 0x9B, 0x26, 0x11, 0x58, 0x53, 0xE0, 0xA0, 0xBA, 0x8C, 0xD5,
			0x8A, 0x87, 0x1B, 0x1F, 0x70, 0xAC, 0xC7, 0xFC, 0x9B, 0x2E, 0x4B, 0x11,
			0x5D, 0x45, 0x8B, 0xE2, 0x71, 0xE4, 0xE0, 0xCA, 0xB2, 0x53, 0x54, 0x49,
			0x00, 0xFA, 0x6C, 0xDA, 0x19, 0x02, 0x18, 0x56, 0x80, 0xE6, 0xE6, 0x0E,
			0x62, 0xF9, 0xD0, 0x11, 0x09, 0xA1, 0x39, 0x0F, 0x0D, 0x2F, 0xAF, 0xE1,
			0x9A, 0x24, 0x08, 0x09, 0x40, 0x89, 0x53, 0x84, 0x63, 0xDD, 0x40, 0xF5,
			0x3B, 0x73, 0x6D, 0x7E, 0x47, 0xCE, 0xF3, 0xBE, 0x4E, 0xB7, 0xDB, 0xD6,
			0x3E, 0xFA, 0x9F, 0xFE, 0xF4, 0x39, 0x3E, 0x19, 0xC2, 0x16, 0x36, 0xA5,
			0x77, 0x14, 0x23, 0x75, 0x28, 0x8A, 0x28, 0xD5, 0x81, 0x79, 0xB5, 0xAD,
			0x8D, 0x75, 0xFC, 0xF0, 0xFB, 0x4F, 0x49, 0x0F, 0xF0, 0xEC, 0xFC, 0x02,
			0x1C, 0xE9, 0xF4, 0xF4, 0xD1, 0x1F, 0x76, 0x95, 0x78, 0x85, 0xA1, 0xE8,
			0x2F, 0x11, 0x17, 0xEF, 0x25, 0xB7, 0x48, 0x10, 0x1E, 0x84, 0x8B, 0xF3,
			0xC5, 0xC5, 0x69, 0xF8, 0x44, 0xF7, 0x04, 0xA8, 0x28, 0xB7, 0xC8, 0x75,
			0x79, 0x0F, 0x5F, 0x1C, 0x4A, 0x84, 0x0D, 0x69, 0xA8, 0xE0, 0x7D, 0xFC,
			0x9E, 0x41, 0x33, 0x1F, 0xC8, 0xA0, 0xFD, 0x59, 0x5A, 0x39, 0x8A, 0x99,
			0xD9, 0x59, 0x59, 0x4F, 0xC4, 0x58, 0xDA, 0xF3, 0x15, 0x31, 0xA8, 0x4E,
			0x12, 0xE7, 0x8F, 0x4A, 0x7A, 0x64, 0x12, 0xC3, 0x7B, 0xFE, 0xCD, 0xC1,
			0xEB, 0x19, 0x0B, 0x88, 0xFA, 0x69, 0xDA, 0xB7, 0xB5, 0x7B, 0x3E, 0xFE,
			0x27, 0xF7, 0xA5, 0x39, 0xDE, 0x4F, 0x02, 0x8C, 0xAD, 0x24, 0xFB, 0x80,
			0xC6, 0x5C, 0xA3, 0x0F, 0xA6, 0x72, 0xF3, 0xB1, 0x99, 0x7E, 0xAF, 0x87,
			0x21, 0xCB, 0x5D, 0xBB, 0x3B, 0x18, 0xF6, 0x99, 0xFC, 0x08, 0xD1, 0xDC,
			0x6F, 0x22, 0xF0, 0x03, 0x74, 0x3B, 0x6C, 0x92, 0x0C, 0x04, 0x73, 0x13,
			0xE9, 0x31, 0x37, 0x58, 0xAB, 0xD7, 0x46, 0x71, 0x05, 0xAB, 0x33, 0x2C,
			0x74, 0x30, 0x68, 0x1A, 0x8B, 0xBF, 0x7A, 0xA4, 0x86, 0x1C, 0xE3, 0x06,
			0xC5, 0x8E, 0xB0, 0xFD, 0x6D, 0xB4, 0x79, 0x62, 0x09, 0x12, 0x98, 0xD7,
			0x52, 0xC5, 0x88, 0x50, 0x4B, 0xC5, 0x0A, 0xEA, 0xF5, 0x29, 0xD4, 0x1A,
			0x93, 0x98, 0x9A, 0x9A, 0x12, 0xF7, 0xC9, 0xB9, 0x19, 0x37, 0x48, 0x3A,
			0xDF, 0xB6, 0x65, 0xED, 0x70, 0xC8, 0x7D, 0xE8, 0x30, 0x18, 0x67, 0x50,
			0x0A, 0xA8, 0x76, 0x12, 0x64, 0x29, 0x69, 0x63, 0x38, 0x4C, 0x43, 0x1F,
			0xC4, 0xC1, 0xA7, 0xB5, 0x0F, 0x7D, 0xFC, 0x8F, 0x6E, 0xB3, 0x35, 0xF3,
			0x49, 0x66, 0x78, 0x28, 0x52, 0xA5, 0xA2, 0xEA, 0x08, 0x21, 0x57, 0xF9,
			0xAE, 0x4B, 0x42, 0x31, 0x91, 0x7E, 0x61, 0x42, 0x55, 0xB6, 0xD3, 0x52,
			0x1A, 0xFC, 0x41, 0x5F, 0xE2, 0xF5, 0x9D, 0xED, 0x0D, 0x09, 0x44, 0x5E,
			0xBD, 0xF8, 0xAA, 0xB8, 0x20, 0xE6, 0x11, 0x68, 0xB1, 0x49, 0x48, 0x76,
			0x9C, 0x0A, 0xD2, 0x5C, 0x33, 0x00, 0x00, 0x04, 0x8E, 0x49, 0x44, 0x41,
			0x54, 0x93, 0x4B, 0xFC, 0xCC, 0x85, 0x49, 0x75, 0x4A, 0x01, 0x0F, 0xC5,
			0xC1, 0x83, 0x52, 0x4A, 0xC6, 0xE8, 0x8D, 0x9F, 0x79, 0x08, 0x5A, 0xEC,
			0x71, 0x0E, 0x81, 0x04, 0x62, 0xEA, 0xBC, 0xE0, 0x96, 0xA5, 0x2F, 0x98,
			0x18, 0x80, 0xF3, 0x32, 0x82, 0x54, 0x4C, 0x62, 0x25, 0x4B, 0xF5, 0x32,
			0x92, 0xC7, 0x5C, 0x8B, 0x4C, 0x93, 0xB6, 0x3D, 0xCF, 0xA5, 0x5E, 0xA9,
			0x9E, 0x42, 0x43, 0x17, 0x10, 0xC5, 0x3D, 0x90, 0xD8, 0x4C, 0xDE, 0x64,
			0x59, 0x74, 0xBB, 0xC8, 0xC5, 0xC7, 0x3E, 0xF1, 0x5F, 0x2F, 0xC6, 0x59,
			0xB6, 0x4C, 0xC5, 0xF7, 0x46, 0x21, 0x2E, 0xB9, 0x43, 0xB2, 0x8E, 0x0D,
			0x1B, 0x07, 0x45, 0x2A, 0x91, 0xAA, 0x6C, 0x80, 0xBD, 0x9D, 0x5D, 0x59,
			0x9C, 0xDD, 0x5E, 0x53, 0x93, 0x13, 0x58, 0xDF, 0xD8, 0x10, 0x14, 0xB8,
			0xD7, 0xDC, 0x11, 0x6B, 0x4B, 0xDD, 0xED, 0xF6, 0x46, 0x4F, 0x85, 0x8C,
			0x5C, 0x14, 0x0F, 0xC3, 0x77, 0x4A, 0x05, 0xE7, 0xE7, 0x01, 0xC6, 0x1C,
			0x67, 0x6B, 0x0D, 0xAF, 0x23, 0x1C, 0x66, 0x6D, 0x91, 0xD9, 0x66, 0xAA,
			0x11, 0x5B, 0x70, 0x1D, 0xCB, 0xC3, 0xF4, 0xD4, 0x9C, 0x70, 0x9C, 0x1D,
			0x28, 0x62, 0xF8, 0xD8, 0xE8, 0x38, 0x4A, 0x80, 0x10, 0x38, 0x49, 0xFF,
			0x92, 0xA4, 0xD5, 0x4D, 0xA9, 0x6A, 0x69, 0x54, 0x33, 0x4A, 0x01, 0x09,
			0xCD, 0xB6, 0x5D, 0x96, 0xCF, 0xF8, 0x4E, 0x8F, 0x42, 0xBB, 0x92, 0x26,
			0xAB, 0xF7, 0xDC, 0xF3, 0xBE, 0x15, 0x21, 0xC0, 0x87, 0xFE, 0xDD, 0xA7,
			0xEE, 0xD2, 0x35, 0xEB, 0x7E, 0xDE, 0xAC, 0x7C, 0xBB, 0x2E, 0x78, 0x40,
			0x7A, 0x7D, 0x19, 0xE8, 0x8F, 0xA0, 0x24, 0x17, 0x24, 0x87, 0x68, 0x23,
			0xD8, 0x61, 0x21, 0x94, 0x1C, 0xA1, 0x2C, 0x72, 0x98, 0xE0, 0x86, 0xD7,
			0xB1, 0xBD, 0x8D, 0x19, 0x9C, 0xE6, 0xFE, 0xB6, 0x3C, 0xEA, 0x96, 0xC4,
			0x2A, 0x0E, 0x9F, 0x9D, 0x9B, 0x97, 0xEB, 0x18, 0x9B, 0x13, 0xA8, 0x90,
			0xB8, 0xD2, 0x07, 0x9A, 0x53, 0xB7, 0xAB, 0xE2, 0x52, 0xD7, 0xD7, 0x2E,
			0xA1, 0xB9, 0xBB, 0x8B, 0x95, 0x95, 0x6B, 0x46, 0x11, 0x9C, 0x21, 0x49,
			0x58, 0xA6, 0xC8, 0x8A, 0x95, 0xB2, 0x18, 0xBA, 0x8C, 0xCD, 0xD6, 0x42,
			0x2C, 0x85, 0xF5, 0x49, 0x28, 0xB6, 0xCD, 0x51, 0x52, 0xC9, 0x44, 0x31,
			0xB2, 0x0C, 0xF2, 0xD9, 0x25, 0xC2, 0x2E, 0x02, 0xE2, 0x09, 0x9D, 0x55,
			0xAC, 0x40, 0x82, 0x35, 0x02, 0x2D, 0x43, 0xCB, 0xEF, 0xFA, 0xC8, 0x47,
			0xEE, 0x56, 0x0F, 0x4C, 0x70, 0x7C, 0xF0, 0xDF, 0xDE, 0xFB, 0x9C, 0x6B,
			0xD9, 0x27, 0xA9, 0xBB, 0xF4, 0xC3, 0xFE, 0x70, 0x28, 0xD9, 0x9F, 0x9C,
			0xAE, 0x44, 0x8C, 0xB4, 0x32, 0x5C, 0x34, 0x30, 0x6C, 0x4E, 0x22, 0xA7,
			0x68, 0xC1, 0xC7, 0x9C, 0x20, 0xA2, 0x23, 0xB7, 0x39, 0xF8, 0x99, 0x8D,
			0x11, 0xEC, 0x08, 0x6B, 0xEF, 0xB7, 0xE0, 0xFB, 0x7D, 0x54, 0xEB, 0x35,
			0x14, 0x8A, 0x9E, 0x24, 0x43, 0x98, 0xD8, 0x5C, 0x5F, 0x5F, 0x97, 0xD4,
			0x18, 0xA5, 0x8A, 0x19, 0x5C, 0xB6, 0xC1, 0xB0, 0x0F, 0x91, 0x25, 0x71,
			0x1E, 0xA0, 0x52, 0xAD, 0xA1, 0x56, 0xAD, 0x49, 0xE8, 0xCB, 0x35, 0xE8,
			0x05, 0xD8, 0x09, 0x42, 0xB7, 0x4A, 0x55, 0xE4, 0xA1, 0x38, 0xF8, 0x9B,
			0x92, 0x08, 0x95, 0x69, 0x66, 0x98, 0x4D, 0xFC, 0x20, 0x3D, 0xC7, 0x44,
			0x87, 0xA3, 0x4C, 0x51, 0x1A, 0xA9, 0xEE, 0x53, 0x55, 0xF6, 0xCF, 0x56,
			0xEF, 0xF9, 0x0F, 0xEF, 0x5D, 0xE1, 0xFD, 0x57, 0x09, 0xF0, 0x81, 0x0F,
			0x7D, 0x72, 0x19, 0xB1, 0xF6, 0x9C, 0xE3, 0x38, 0x35, 0x1E, 0x94, 0x87,
			0x27, 0x60, 0xF0, 0x46, 0x2E, 0x8B, 0xFA, 0x4D, 0x09, 0xF9, 0xBB, 0xA2,
			0xCB, 0x05, 0xB8, 0x0F, 0x7E, 0xC7, 0x4D, 0x70, 0x01, 0x4A, 0x04, 0xC7,
			0x78, 0x83, 0xBC, 0x96, 0x7A, 0x4F, 0x5B, 0x40, 0x49, 0x61, 0x80, 0xB1,
			0xD3, 0xDC, 0x96, 0x26, 0x89, 0x4A, 0xB9, 0x84, 0xBD, 0xBD, 0x7D, 0x91,
			0x1A, 0x16, 0x51, 0x29, 0x19, 0x5A, 0x6E, 0x4B, 0x92, 0x85, 0x77, 0xD3,
			0x63, 0xD0, 0xC0, 0x89, 0x2D, 0x22, 0xE7, 0x46, 0x89, 0x0C, 0xCE, 0xC5,
			0xC1, 0x22, 0x8B, 0xFA, 0x5B, 0x3D, 0x57, 0x40, 0xE9, 0x20, 0x41, 0xF8,
			0x79, 0xBC, 0x2E, 0x89, 0x49, 0xF5, 0xE0, 0xBE, 0x14, 0xD3, 0xD0, 0x2E,
			0x15, 0xDD, 0x9B, 0x3E, 0xFC, 0xE1, 0xF7, 0xFE, 0xEC, 0x43, 0x53, 0x1C,
			0x77, 0xFF, 0x9B, 0x8F, 0xDD, 0x65, 0xC0, 0xBC, 0x5F, 0xB5, 0x98, 0xE5,
			0x62, 0x51, 0x75, 0x22, 0x35, 0x41, 0x79, 0xD4, 0x53, 0x55, 0xB6, 0x22,
			0x81, 0x78, 0x40, 0xBE, 0xD3, 0xFF, 0xF2, 0xC5, 0xCD, 0x8B, 0x78, 0xCA,
			0x43, 0x94, 0x0A, 0x8B, 0x73, 0x13, 0x82, 0xD2, 0x24, 0x33, 0xA3, 0xD0,
			0x1E, 0x39, 0x48, 0x42, 0x30, 0xAD, 0x26, 0x40, 0x65, 0x14, 0x11, 0xF2,
			0x90, 0x34, 0x66, 0xBC, 0x56, 0x9A, 0xFB, 0x18, 0x70, 0xB3, 0x33, 0x9C,
			0x4F, 0x80, 0x09, 0x37, 0xF5, 0xAB, 0xD7, 0x11, 0x83, 0xA8, 0xB5, 0x33,
			0x81, 0xD7, 0x9C, 0x5B, 0x12, 0x48, 0xA3, 0x34, 0xD8, 0x18, 0x7C, 0x91,
			0x61, 0xCC, 0x09, 0x70, 0x2E, 0x55, 0x72, 0x8B, 0x99, 0x6C, 0x7D, 0xF7,
			0x27, 0x3F, 0xF9, 0xC1, 0xAB, 0xCF, 0x0E, 0xFE, 0x0C, 0x01, 0x38, 0xDE,
			0xFB, 0xBE, 0x8F, 0xDF, 0x99, 0x6A, 0xE9, 0xFD, 0xBA, 0xA6, 0xD5, 0x2C,
			0x3E, 0xE8, 0x34, 0xEA, 0xE1, 0x1F, 0xBF, 0xB8, 0x08, 0x37, 0xC1, 0xC1,
			0xCF, 0xDC, 0x04, 0x9B, 0x91, 0xB8, 0x67, 0xC5, 0x75, 0x25, 0x29, 0x63,
			0x09, 0xE0, 0xC6, 0xC6, 0x04, 0xE3, 0x7D, 0x24, 0x96, 0xD2, 0x29, 0x26,
			0x24, 0x14, 0x18, 0xE2, 0x1C, 0xE4, 0x0E, 0x37, 0xCF, 0x4D, 0xD2, 0xB8,
			0xD2, 0x9D, 0xF2, 0x1A, 0x1E, 0x7A, 0xAC, 0x5A, 0xB2, 0x5D, 0x49, 0x93,
			0x29, 0x9C, 0x40, 0x5B, 0x45, 0xCB, 0x26, 0xC4, 0x96, 0x84, 0x0B, 0xC5,
			0x5C, 0xC1, 0xE8, 0x31, 0xCA, 0x24, 0xE7, 0x45, 0x82, 0x4C, 0xAD, 0xAD,
			0x65, 0xE9, 0x07, 0xEF, 0xBD, 0xF7, 0xB7, 0x1F, 0x18, 0x4D, 0x26, 0xE3,
			0xEF, 0x11, 0x80, 0xE3, 0x03, 0x1F, 0xF8, 0xE4, 0x72, 0x14, 0x87, 0x4F,
			0x6A, 0x1A, 0x96, 0x0D, 0x53, 0x55, 0x54, 0x78, 0x00, 0x12, 0x40, 0x1D,
			0x7E, 0x5C, 0xFC, 0x54, 0xCF, 0xF6, 0xFD, 0xED, 0xE1, 0x14, 0xB1, 0xF8,
			0x59, 0xF5, 0x1A, 0x53, 0x4A, 0x14, 0xD0, 0xF9, 0xDB, 0x41, 0x9F, 0xAC,
			0x5A, 0x19, 0xA9, 0x56, 0x3C, 0xA8, 0x92, 0x04, 0x65, 0x14, 0x45, 0xFD,
			0x08, 0xC0, 0x24, 0x8E, 0x27, 0x97, 0x59, 0x3C, 0x51, 0x12, 0xC6, 0x67,
			0x12, 0xB9, 0x1E, 0x33, 0xD1, 0x1C, 0xCC, 0x33, 0x32, 0xC1, 0x42, 0x17,
			0x4A, 0x7C, 0xCB, 0xF5, 0xB9, 0x20, 0xDD, 0x1D, 0x09, 0xC7, 0xB9, 0x44,
			0x6D, 0x4C, 0xE3, 0x74, 0xC9, 0x73, 0xDE, 0x7D, 0xEF, 0xBD, 0x1F, 0xFE,
			0x87, 0x1F, 0x9D, 0xFD, 0xBB, 0xE3, 0xEE, 0xBB, 0xEF, 0xB9, 0x4B, 0xB3,
			0xB2, 0xDF, 0x45, 0x96, 0x2F, 0x93, 0x0B, 0xEC, 0xDD, 0xA3, 0x51, 0xA1,
			0xE2, 0xD3, 0xE5, 0x09, 0x00, 0x51, 0xB2, 0xA7, 0x8C, 0x20, 0xA5, 0x61,
			0x94, 0xB9, 0xE1, 0xA1, 0xC6, 0x48, 0x8F, 0x06, 0x8A, 0x1C, 0x66, 0x98,
			0xCA, 0x0D, 0xF2, 0xBC, 0xE2, 0xAE, 0xF8, 0x6F, 0x24, 0x59, 0x63, 0x91,
			0x26, 0x67, 0x29, 0x3C, 0x63, 0xE9, 0x92, 0x48, 0x8F, 0xE0, 0x29, 0x4F,
			0x25, 0xED, 0xC6, 0xDF, 0xE4, 0x69, 0x90, 0x11, 0x87, 0xA5, 0x3B, 0x44,
			0x58, 0x41, 0x29, 0x52, 0x58, 0x46, 0xA9, 0xA2, 0xFC, 0xBD, 0x1A, 0x27,
			0xC9, 0x3D, 0x7F, 0xFC, 0x87, 0x1F, 0xFB, 0xFF, 0x7B, 0x78, 0xFA, 0xFF,
			0x1C, 0xEF, 0x79, 0xDF, 0x87, 0x6E, 0x43, 0xA6, 0xDF, 0x19, 0xF8, 0xFE,
			0x8D, 0x9D, 0x4E, 0xEB, 0x64, 0x9A, 0xC6, 0x35, 0xC9, 0xDA, 0x8A, 0x28,
			0x2B, 0xF1, 0xE6, 0xA0, 0xFE, 0x4B, 0xF6, 0x97, 0x1C, 0x92, 0x40, 0x48,
			0x49, 0x0D, 0x5B, 0xD7, 0x48, 0x40, 0x62, 0x76, 0x9E, 0x80, 0xC2, 0xC3,
			0x7C, 0x9C, 0x1C, 0x7C, 0x64, 0x07, 0xB8, 0x61, 0x65, 0xF0, 0xD8, 0xEF,
			0xA7, 0xB8, 0x49, 0xA2, 0xD0, 0x93, 0x4B, 0x83, 0xF6, 0xE8, 0x61, 0x6C,
			0x2E, 0xCB, 0x84, 0x2D, 0x25, 0x90, 0x44, 0xE6, 0xDA, 0x42, 0x5C, 0x31,
			0xC8, 0x7A, 0xDB, 0x71, 0xDC, 0xD5, 0x99, 0xB9, 0xC5, 0xA7, 0x4C, 0xC4,
			0xA7, 0xEE, 0xBB, 0xEF, 0x13, 0xFF, 0xE0, 0xE3, 0xF3, 0xFF, 0x1B, 0xB8,
			0x65, 0x76, 0xA7, 0x52, 0xF0, 0x1C, 0x39, 0x00, 0x00, 0x00, 0x00, 0x49,
			0x45, 0x4E, 0x44, 0xAE, 0x42, 0x60, 0x82
		};

	} // namespace images

	void menu::initialize_graphics( )
	{
		if ( this->m_intro_base_graphics_ready )
		{
			return;
		}

		constexpr auto icon_target{ 16.0f };

		constexpr float k_intro_logo_view_w{ 4421.68f };
		constexpr float k_intro_logo_px_w{ 240.0f };
		this->m_textures.intro_splash.resource = xdraw::load_svg(
			svgs::intro_splash_logo,
			k_intro_logo_px_w / k_intro_logo_view_w,
			&this->m_textures.intro_splash.width,
			&this->m_textures.intro_splash.height
		);
		this->m_textures.search.resource = xdraw::load_svg( svgs::search, icon_target / 16.0f, &this->m_textures.search.width, &this->m_textures.search.height );
		this->m_textures.settings.resource = xdraw::load_svg( svgs::settings, icon_target / 15.0f, &this->m_textures.settings.width, &this->m_textures.settings.height );
		this->m_textures.save.resource = xdraw::load_svg( svgs::save, icon_target / 14.0f, &this->m_textures.save.width, &this->m_textures.save.height );
		this->m_textures.globe.resource = xdraw::load_svg( svgs::globe, icon_target / 14.0f, &this->m_textures.globe.width, &this->m_textures.globe.height );
		this->m_textures.folder.resource = xdraw::load_svg( svgs::folder, icon_target / 14.0f, &this->m_textures.folder.width, &this->m_textures.folder.height );

		constexpr auto tab_target{ 18.0f };
		constexpr std::array<const char*, 7> tab_svgs{
			svgs::tab_rage,
			svgs::tab_legit,
			svgs::tab_player,
			svgs::tab_world,
			svgs::tab_skins,
			svgs::tab_misc,
			svgs::tab_config
		};
		for ( auto i = 0; i < 7; ++i )
		{
			this->m_textures.tabs[ i ].resource = xdraw::load_svg( tab_svgs[ i ], tab_target / 20.0f, &this->m_textures.tabs[ i ].width, &this->m_textures.tabs[ i ].height );
		}

		this->m_intro_base_graphics_ready = true;
	}

	void menu::rebuild_search_index( )
	{
		this->m_search_entries.clear( );

		const auto all_settings = xui::binds::all( );
		this->m_search_entries.reserve( all_settings.size( ) );

		for ( const auto* setting : all_settings )
		{
			if ( !setting || setting->name.empty( ) )
			{
				continue;
			}

			search_entry entry{};
			entry.name = setting->name;
			entry.category = setting->category;
			entry.name_lower = detail::to_lower_copy( entry.name );
			entry.category_lower = detail::to_lower_copy( entry.category );
			std::tie( entry.tab, entry.subtab ) = detail::map_category_to_tab( entry.category_lower );
			entry.bind_key = setting->bind.key;

			this->m_search_entries.emplace_back( std::move( entry ) );
		}
	}

	void menu::close_search( )
	{
		this->m_search_open = false;
		this->m_search_query.clear( );
		this->m_search_visible_indices.clear( );
	}

	void menu::activate_search_result( const std::size_t index )
	{
		if ( index >= this->m_search_visible_indices.size( ) )
		{
			return;
		}

		const auto& chosen = this->m_search_entries[ this->m_search_visible_indices[ index ] ];
		this->m_tab = std::clamp( chosen.tab, 0, 6 );
		this->m_subtab = std::clamp( chosen.subtab, 0, k_subtab_defs[ this->m_tab ].count - 1 );
		xui::set_highlight_target( chosen.name, 1.2f );
		this->close_search( );
	}

	void menu::draw_search_results( float x, float y, float w, float h )
	{
		xui::layout::set_cursor( x - this->m_x, y - this->m_y );
		this->m_search_visible_indices.clear( );

		auto query_lower = detail::to_lower_copy( this->m_search_query );
		for ( std::size_t i = 0; i < this->m_search_entries.size( ); ++i )
		{
			const auto& it = this->m_search_entries[ i ];
			if ( query_lower.empty( ) || it.name_lower.find( query_lower ) != std::string::npos || it.category_lower.find( query_lower ) != std::string::npos )
			{
				this->m_search_visible_indices.emplace_back( i );
				if ( this->m_search_visible_indices.size( ) >= 50 )
				{
					break;
				}
			}
		}

		if ( xui::begin_child( "##menu_search_results", w, h, true ) )
		{
			for ( std::size_t i = 0; i < this->m_search_visible_indices.size( ); ++i )
			{
				const auto& item = this->m_search_entries[ this->m_search_visible_indices[ i ] ];

				const auto avail_w = xui::layout::avail( ).first;
				const auto row_h = 44.0f;
				const auto row = xui::layout::item( avail_w, row_h );
				const auto hovered = xui::ctx( ).input.in_rect( row );
				const auto row_anim = xui::anim::lerp( xui::fnv1a( "search_row" ) + static_cast< std::uintptr_t >( i ), hovered ? 1.0f : 0.0f, 12.0f );

				auto& dl = xui::draw::current( );
				const auto row_bg = xui::lerp( tokens::col_card, tokens::col_accent.alpha( 90 ), row_anim * 0.35f );
				dl.rect_filled( row.x, row.y, row.w, row.h, row_bg, xdraw::corner_radius{ 8.0f } );

				const auto label_col = xui::lerp( tokens::col_text, tokens::col_dark, row_anim * 0.2f );
				const auto sub_col = tokens::col_text_dim;
				const auto name_th = xdraw::measure_text( item.name ).second;
				const auto subtitle = item.category.empty( ) ? "Misc" : item.category.c_str( );
				const auto sub_th = xdraw::measure_text( subtitle ).second;
				const auto block_h = name_th + 3.0f + sub_th;
				const auto text_start_y = row.y + ( row.h - block_h ) * 0.5f;
				const auto name_y = text_start_y;
				dl.text( row.x + 8.0f, name_y, item.name, label_col );

				const auto sub_y = name_y + name_th + 3.0f;
				dl.text( row.x + 8.0f, sub_y, subtitle, sub_col.alpha( 170 ) );

				if ( item.bind_key != 0 )
				{
					const auto key = xui::vk_name( item.bind_key );
					const auto [kw, kh] = xdraw::measure_text( key );
					const auto bh = 20.0f;
					const auto bw = kw + 16.0f;
					const auto bx = row.right( ) - bw - 6.0f;
					const auto by = row.y + ( row.h - bh ) * 0.5f;
					dl.rect_filled( bx, by, bw, bh, tokens::col_card, xdraw::corner_radius{ 5.0f } );
					dl.text( bx + 8.0f, by + ( bh - kh ) * 0.5f, key, tokens::col_text_dim );
				}

				if ( hovered && xui::ctx( ).input.mouse_clicked && !xui::ctx( ).overlay_blocking( ) )
				{
					this->activate_search_result( i );
					break;
				}
			}

			xui::end_child( );
		}

		if ( !this->m_search_visible_indices.empty( ) )
		{
			for ( const auto vk : xui::ctx( ).input.key_presses( ) )
			{
				if ( vk == VK_RETURN )
				{
					this->activate_search_result( 0 );
					break;
				}
			}
		}
	}

	bool menu::draw_intro( )
	{
		if ( this->m_intro_finished )
		{
			return false;
		}

		const float dt = xdraw::delta_time( );
		this->m_intro_elapsed += dt;
		this->m_intro_bar_phase += dt;

		const auto [screen_w, screen_h] = xdraw::viewport_size( );
		const float sw = static_cast< float >( screen_w );
		const float sh = static_cast< float >( screen_h );

		auto& dl = xdraw::get( xdraw::layer::top );

		const auto smoothstep = [ ]( float edge0, float edge1, float x ) -> float
			{
				const auto t = std::clamp( ( x - edge0 ) / ( edge1 - edge0 ), 0.0f, 1.0f );
				return t * t * ( 3.0f - 2.0f * t );
			};

		const bool pack_ready = g_context.ui_assets_ready( );

		if ( pack_ready && this->m_intro_assets_ready_at < 0.0f )
		{
			this->m_intro_assets_ready_at = this->m_intro_elapsed;
		}

		if ( this->m_intro_assets_ready_at >= 0.0f )
		{
			this->m_intro_finished = true;
			return false;
		}

		dl.rect_filled( 0.0f, 0.0f, sw, sh, xdraw::color{ 36, 36, 40, 153 } );

		const auto reveal = smoothstep( 0.0f, 0.30f, this->m_intro_elapsed );

		float anchor_x{};
		float anchor_y{};
		float anchor_w{};
		float anchor_bottom{};

		if ( this->m_textures.intro_splash.resource )
		{
			auto tex_w = static_cast< float >( this->m_textures.intro_splash.width );
			auto tex_h = static_cast< float >( this->m_textures.intro_splash.height );
			if ( tex_w > 0.0f && tex_h > 0.0f )
			{
				const auto target_max = sw * 0.28f;
				auto draw_w = tex_w;
				auto draw_h = tex_h;

				if ( draw_w > target_max )
				{
					const auto s = target_max / draw_w;
					draw_w *= s;
					draw_h *= s;
				}

				if ( draw_h > sh * 0.42f )
				{
					const auto s = ( sh * 0.42f ) / draw_h;
					draw_w *= s;
					draw_h *= s;
				}

				const auto eased_scale = std::lerp( 0.92f, 1.0f, reveal );
				const float dw = draw_w * eased_scale;
				const float dh = draw_h * eased_scale;
				const auto lx = std::floor( ( sw - dw ) * 0.5f );
				const auto ly = std::floor( ( sh - dh ) * 0.5f );
				const auto img_a = static_cast< std::uint8_t >( 255.0f * reveal );

				dl.image( lx, ly, dw, dh, this->m_textures.intro_splash.resource.Get( ), xdraw::color{ 255, 255, 255, img_a } );

				anchor_x = lx;
				anchor_y = ly;
				anchor_w = dw;
				anchor_bottom = ly + dh;
			}
		}

		const auto emergence = smoothstep( 0.12f, 0.65f, this->m_intro_elapsed );

		const bool has_artwork = anchor_w > 4.0f && anchor_bottom > 1.0f;

		const float pad_x = 28.0f;
		const float track_w = std::clamp( has_artwork ? anchor_w + pad_x * 2.0f : sw * 0.38f, 200.0f, sw * 0.46f );

		const float track_center_x = has_artwork ? anchor_x + anchor_w * 0.5f : sw * 0.5f;
		const float track_left = track_center_x - track_w * 0.5f;

		const float bar_start_y = has_artwork ? anchor_bottom - 6.0f : sh * 0.58f;
		const float bar_rest_y = has_artwork ? anchor_bottom + 18.0f : sh * 0.58f + 28.0f;
		const float track_y = std::lerp( bar_start_y, bar_rest_y, emergence );

		// Indeterminate progress — short loop repeats for the whole intro; scene minimum duration handled above.
		constexpr float k_bar_cycle_sec{ 1.45f };
		const float t_norm = std::fmod( this->m_intro_bar_phase, k_bar_cycle_sec ) / k_bar_cycle_sec;

		const float track_h = 8.0f;
		const float k_bar_round = track_h * 0.5f;
		const auto bar_round = xdraw::corner_radius{ k_bar_round };

		const auto track_fill_a = static_cast< std::uint8_t >( static_cast< float >( tokens::col_accent.a ) * 0.2f * emergence );
		dl.rect_filled( track_left, track_y, track_w, track_h, tokens::col_accent.alpha( track_fill_a ), bar_round );

		const float clip_x = track_left;
		const float clip_y = track_y;
		const float clip_w = track_w;
		const float clip_h = track_h;

		dl.push_clip( clip_x, clip_y, clip_w, clip_h );

		float scale_x{};
		float tx_frac{};
		if ( t_norm <= 0.4f )
		{
			const float seg_u = smoothstep( 0.0f, 1.0f, t_norm / 0.4f );
			scale_x = std::lerp( 0.0f, 0.4f, seg_u );
			tx_frac = 0.0f;
		}
		else
		{
			const float seg_u = smoothstep( 0.0f, 1.0f, ( t_norm - 0.4f ) / ( 1.0f - 0.4f ) );
			scale_x = std::lerp( 0.4f, 0.5f, seg_u );
			tx_frac = seg_u;
		}

		const float bar_w = clip_w * scale_x;
		const float bar_x = clip_x + tx_frac * clip_w;

		if ( bar_w >= 1.0f )
		{
			const float bar_r = std::min( k_bar_round, bar_w * 0.5f );
			const auto value_a = static_cast< std::uint8_t >( static_cast< float >( tokens::col_accent.a ) * emergence );

			dl.rect_filled( bar_x, clip_y, bar_w, clip_h, tokens::col_accent.alpha( value_a ), xdraw::corner_radius{ bar_r } );
		}

		dl.pop_clip( );

		return true;
	}

	void menu::draw( )
	{
		if ( this->m_last_open != this->m_open )
		{
			if ( this->m_open )
			{
				this->m_saved_relative_mouse = memory::read<std::uint8_t>( addresses::globals::input_system + 84 );
				memory::call_vfunc<void>( addresses::globals::input_system, 76, false );
				this->apply_saved_cursor( );
			}
			else
			{
				POINT pt{};
				if ( GetCursorPos( &pt ) )
				{
					this->m_saved_cursor_x = pt.x;
					this->m_saved_cursor_y = pt.y;
					this->m_has_saved_cursor = true;
				}

				memory::call_vfunc<void>( addresses::globals::input_system, 76, this->m_saved_relative_mouse != 0 );
			}

			this->m_last_open = this->m_open;
		}

		if ( !g_context.ui_assets_ready( ) )
		{
			this->draw_intro( );
			return;
		}

		if ( this->draw_intro( ) )
		{
			return;
		}

		xui::begin( );
		ensure_theme_applied( );
		this->sync_theme_style( );
		{
			const auto dt = xdraw::delta_time( );
			const auto anim_speed = this->m_open ? 13.0f : 22.0f;
			const auto anim_target = this->m_open ? 1.0f : 0.0f;
			this->m_open_anim += ( anim_target - this->m_open_anim ) * std::min( anim_speed * dt, 1.0f );

			if ( this->m_open_anim < 0.01f && !this->m_open )
			{
				xui::end( );
				return;
			}

			// Center the window once on first open so it always lands mid-screen.
			if ( !this->m_centered_once )
			{
				const auto [sw, sh] = xdraw::viewport_size( );
				this->m_x = ( static_cast< float >( sw ) - tokens::window_w ) * 0.5f;
				this->m_y = ( static_cast< float >( sh ) - tokens::window_h ) * 0.5f;
				this->m_centered_once = true;
			}

			// Scales in/out with an expo settle; the window keeps its exact position (no fly),
			// so it never appears to drift on its own while opening or closing.
			const auto anim_t = this->m_open_anim;
			const auto menu_reveal = this->m_open ? detail::ease_out_expo( anim_t ) : detail::ease_in_quint( anim_t );
			auto draw_x = this->m_x;
			auto draw_y = this->m_y;

				// Apply DPI scale to menu dimensions at draw time.
					const auto dpi_scale = settings::g_misc.menu_dpi_scale.value;
					auto dpi_w = this->m_w * dpi_scale;
					auto dpi_h = this->m_h * dpi_scale;

					if ( !xui::begin_window( "##menu", draw_x, draw_y, dpi_w, dpi_h, false, 200.0f, 200.0f, menu_reveal ) )
				{
					return;
				}

				// Persist position only when fully revealed (drag is live); during the pop-in keep the anchor clean.
				if ( menu_reveal >= 0.999f )
				{
					this->m_x = draw_x;
					this->m_y = draw_y;
				}

				auto& dl = xui::draw::current( );
					const auto wx = draw_x;
					const auto wy = draw_y;
					const auto ww = dpi_w;
					const auto wh = dpi_h;

			// Header � full width brand bar.
			this->draw_header( ww );

			// Rail � vertical tab strip.
			const auto rx = wx + tokens::gap;
			const auto ry = wy + tokens::header_h + tokens::gap;
			const auto rw = tokens::rail_w;
			const auto rh = wh - tokens::header_h - tokens::gap * 2.0f;
			dl.rect_filled( rx, ry, rw, rh, tokens::col_elevated, xdraw::corner_radius{ tokens::card_rounding } );
			this->m_rail_x = rx;
			this->m_rail_y = ry;
			this->m_rail_w = rw;
			this->m_rail_h = rh;
			this->draw_rail( rh );

			// Content � right of the rail.
			const auto content_x = rx + rw + tokens::gap;
			const auto content_y = ry;
			const auto content_w = ww - tokens::gap * 2.0f - rw - tokens::gap;
			const auto content_h = rh;
			this->m_content_x = content_x;
			this->m_content_y = content_y;
			this->m_content_w = content_w;
			this->m_content_h = content_h;

			this->draw_subtabs( content_w );

			const auto body_y = content_y + tokens::subtab_bar_h + tokens::gap;
			const auto body_h = content_h - tokens::subtab_bar_h - tokens::gap;
			const auto col_w = ( content_w - tokens::gap ) * 0.5f;
			this->m_col_w = col_w;

			this->m_body_x = content_x;
			this->m_body_y = body_y - this->m_scroll;
			this->m_body_w = content_w;
			this->m_body_h = body_h;

			// Reset scroll when the active tab changes.
			if ( this->m_scroll_tab != this->m_tab )
			{
				this->m_scroll = 0.0f;
				this->m_scroll_target = 0.0f;
				this->m_scroll_tab = this->m_tab;
			}

			// Content entry animation � restart when the active tab changes,
			// then slide/fade the new content into place.
			if ( this->m_tab_entry_from != this->m_tab )
			{
				this->m_tab_entry_from = this->m_tab;
				this->m_tab_entry_anim = 0.0f;
			}
			{
				const auto dt_entry = xdraw::delta_time( );
				this->m_tab_entry_anim += ( 1.0f - this->m_tab_entry_anim ) * std::min( 15.0f * dt_entry, 1.0f );
			}
			const auto tab_entry_ease = detail::ease_out_expo( std::clamp( this->m_tab_entry_anim, 0.0f, 1.0f ) );

			// Mouse-wheel scrolling over the content body (search uses its own child scroll).
			const auto body_rect = xui::rect{ content_x, body_y, content_w, body_h };
			const auto& scroll_input = xui::ctx( ).input;
			if ( !this->m_search_open && scroll_input.in_rect( body_rect ) && scroll_input.scroll_delta != 0.0f && !this->m_scrollbar_dragging )
			{
				this->m_scroll_target -= scroll_input.scroll_delta * 40.0f;
			}

			// Clip the tab content to the body so scrolled rows hide above/below the panel.
			dl.push_clip( content_x, body_y, content_w, body_h );

			// Slide the content in from below while the tab entry animation plays.
			const auto entry_slide = ( 1.0f - tab_entry_ease ) * 12.0f;
			xui::layout::set_cursor( content_x - wx, body_y - wy - this->m_scroll + entry_slide );

			if ( this->m_search_open )
			{
				// While search is open, block the regular top-bar interactions in this frame.
				xui::ctx( ).inside_overlay = xui::fnv1a( "menu_search_mode" );
				this->draw_search_results( content_x, body_y, content_w, body_h );
				xui::ctx( ).inside_overlay = xui::null_id;

				dl.pop_clip( );
				xui::end_window( );
				xui::end( );
				return;
			}

			switch ( this->m_tab )
			{
			case 0: this->draw_ragebot( col_w ); break;
			case 1: this->draw_legitbot( col_w ); break;
			case 2: this->draw_player( col_w ); break;
			case 3: this->draw_world( col_w ); break;
			case 4: this->draw_skins( col_w ); break;
			case 5: this->draw_misc( col_w ); break;
			case 6: this->draw_config( col_w ); break;
			}

			// Fade the tab content in over the entry animation (hides the slide-in).
			if ( tab_entry_ease < 1.0f )
			{
				const auto fade_a = static_cast< std::uint8_t >( ( 1.0f - tab_entry_ease ) * 255.0f );
				dl.rect_filled( content_x, body_y, content_w, body_h, tokens::col_dark.alpha( fade_a ) );
			}

			dl.pop_clip( );

			// Measure the content height and clamp/apply the scroll offset, then draw the scrollbar.
			if ( auto* win = xui::layout::current_window( ) )
			{
				const auto body_top_rel = body_y - wy;
				const auto max_scroll = std::max( 0.0f, win->content_h - body_top_rel - body_h + this->m_scroll );
				if ( max_scroll > 0.0f )
				{
					this->m_scroll_target = std::clamp( this->m_scroll_target, 0.0f, max_scroll );
					const auto dt = xdraw::delta_time( );
					this->m_scroll += ( this->m_scroll_target - this->m_scroll ) * std::min( 16.0f * dt, 1.0f );
					this->m_scroll = std::clamp( this->m_scroll, 0.0f, max_scroll );
					this->draw_scrollbar( content_x, body_y, content_w, body_h, max_scroll );
				}
				else
				{
					this->m_scroll = 0.0f;
					this->m_scroll_target = 0.0f;
				}
			}

			xui::end_window( );

		}
		xui::end( );
	}

	void menu::shutdown( ) const
	{
		if ( this->m_open )
		{
			memory::call_vfunc<void>( addresses::globals::input_system, 76, this->m_saved_relative_mouse != 0 );
		}
	}

	void menu::apply_saved_cursor( )
	{
		if ( !this->m_has_saved_cursor )
		{
			return;
		}

		const auto vx = GetSystemMetrics( SM_XVIRTUALSCREEN );
		const auto vy = GetSystemMetrics( SM_YVIRTUALSCREEN );
		const auto vw = GetSystemMetrics( SM_CXVIRTUALSCREEN );
		const auto vh = GetSystemMetrics( SM_CYVIRTUALSCREEN );

		const auto x = std::clamp( this->m_saved_cursor_x, vx, vx + std::max( 1, vw ) - 1 );
		const auto y = std::clamp( this->m_saved_cursor_y, vy, vy + std::max( 1, vh ) - 1 );

		SetCursorPos( x, y );
		SetCursor( LoadCursor( nullptr, IDC_ARROW ) );
	}

	void menu::draw_header( float w )
	{
		auto& dl = xui::draw::current( );
		const auto& input = xui::ctx( ).input;
		const auto& s = xui::ctx( ).style;

		const auto hx = this->m_x;
		const auto hy = this->m_y;
		const auto hh = tokens::header_h;

		// Band + hairline.
		dl.rect_filled( hx, hy, w, hh, tokens::col_elevated, xdraw::corner_radius::top( s.rounding ) );
		dl.rect( hx, hy + hh - 1.0f, w, 1.0f, tokens::col_border, 1.0f );

		// Wordmark.
		xdraw::push_font( rendering::g_fonts.inter_bold[ rendering::fonts::size::big ] );
		const auto [ tw, th ] = xdraw::measure_text( "NEXORIA" );
		const auto wx0 = hx + tokens::gap + 6.0f;
		dl.text( wx0, hy + ( hh - th ) * 0.5f, "NEXORIA", tokens::col_text );
		xdraw::pop_font( );

		// Right cluster: settings shortcut.
		constexpr auto btn_h{ 26.0f };
		const auto iy = hy + ( hh - btn_h ) * 0.5f;

		// Theme switcher shortcut (opens the theme picker).
		constexpr auto icon_w{ 26.0f };
		const auto settings_x = hx + w - tokens::gap - icon_w;
		const auto sbtn = xui::rect{ settings_x, iy, icon_w, btn_h };
		const auto theme_id = xui::fnv1a( "theme_switcher" );
		const auto theme_is_open = xui::overlays::is_open( theme_id );
		const auto s_hovered = ( !xui::ctx( ).overlay_blocking( ) || theme_is_open ) && input.in_rect( sbtn );
		const auto s_anim = xui::anim::lerp( xui::fnv1a( "header_settings" ), s_hovered ? 1.0f : 0.0f, 14.0f );

		if ( s_anim > 0.01f )
		{
			dl.rect_filled( sbtn.x, sbtn.y, sbtn.w, sbtn.h, tokens::col_hover, xdraw::corner_radius{ tokens::btn_rounding } );
		}

		const auto& gtex = this->m_textures.settings;
		const auto gtw = static_cast< float >( gtex.width );
		const auto gth = static_cast< float >( gtex.height );
		dl.image(
			std::floor( sbtn.x + ( sbtn.w - gtw ) * 0.5f ),
			std::floor( sbtn.y + ( sbtn.h - gth ) * 0.5f ),
			gtw, gth, gtex.resource.Get( ),
			xui::lerp( tokens::col_text_dim, tokens::col_text, s_anim )
		);

		if ( s_hovered && input.mouse_clicked )
		{
			if ( theme_is_open )
			{
				xui::overlays::close( theme_id );
			}
			else
			{
				xui::overlays::add( std::make_unique<theme_switcher_overlay>( theme_id, sbtn ) );
			}
		}

		// Breadcrumb � tab / subtab wayfinding.
		const auto& def = k_subtab_defs[ this->m_tab ];
		char crumb[ 96 ]{};
		std::snprintf( crumb, sizeof( crumb ), "%s  /  %s", k_tab_labels[ this->m_tab ], this->m_subtab >= 0 && this->m_subtab < def.count ? def.names[ this->m_subtab ] : "" );

		xdraw::push_font( rendering::g_fonts.nunito_regular[ rendering::fonts::size::normal ] );
		const auto [ cb_w, cb_h ] = xdraw::measure_text( crumb );
		dl.text( wx0 + tw + 14.0f, hy + ( hh - cb_h ) * 0.5f, crumb, tokens::col_text_dim );
		xdraw::pop_font( );

		// Opening sweep � a bright bar glides across the header while the menu pops in.
		if ( this->m_open && this->m_open_anim < 0.999f )
		{
			const auto t = this->m_open_anim;
			const auto sweep_w = w * 0.34f;
			const auto sweep_x = hx + ( w + sweep_w ) * detail::ease_out_expo( t ) - sweep_w;
			const auto sweep_a = static_cast< std::uint8_t >( ( 1.0f - t ) * 210.0f );
			dl.rect_filled( sweep_x, hy + hh - 3.0f, sweep_w, 2.0f, tokens::col_accent.alpha( sweep_a ), xdraw::corner_radius{ 1.0f } );
		}
	}

	void menu::draw_rail( float h )
	{
		auto& dl = xui::draw::current( );
		const auto& input = xui::ctx( ).input;

		const auto rx = this->m_rail_x;
		const auto ry = this->m_rail_y;

		auto* label_font = rendering::g_fonts.inter_medium[ rendering::fonts::size::normal ];
		auto* section_font = rendering::g_fonts.nunito_regular[ rendering::fonts::size::petite ];
		auto* small_font = rendering::g_fonts.nunito_regular[ rendering::fonts::size::petite ];

		// Section groups: the first entry is a text-only section header, the rest are the nav rows.
		struct rail_group { const char* label; int tab; int subtab; };
		constexpr rail_group groups[ ][ 4 ]{
			{ { "Aimbot", -1, -1 }, { "Ragebot", 0, -1 }, { "Legitbot", 1, -1 }, { "", -1, -1 } },
			{ { "Visuals", -1, -1 }, { "Players", 2, -1 }, { "World", 3, -1 }, { "Inventory", 4, -1 } },
			{ { "Misc", -1, -1 }, { "Main", 5, -1 }, { "Configs", 6, -1 }, { "", -1, -1 } },
		};

		constexpr auto btn_h{ 30.0f };
		constexpr auto row_gap{ 2.0f };
		const auto pad_x = 10.0f;
		const auto btn_w = tokens::rail_w - pad_x * 2.0f;

		auto row_y = ry + 12.0f;

		// Sliding active indicator (vertical accent bar on the left of active row).
		float ind_target{ row_y };
		bool have_target{ false };
		for ( const auto& grp : groups )
		{
			const auto [ sec_tw, sec_th ] = xdraw::measure_text( grp[ 0 ].label, section_font );
			row_y += sec_th + 8.0f;

			for ( int gi = 1; gi < 4; ++gi )
			{
				const auto& g = grp[ gi ];
				if ( g.tab < 0 )
				{
					row_y += btn_h + row_gap;
					continue;
				}

				if ( g.tab == this->m_tab )
				{
					ind_target = row_y + ( btn_h - 14.0f ) * 0.5f;
					have_target = true;
				}
				row_y += btn_h + row_gap;
			}
			row_y += 10.0f;
		}

		if ( have_target )
		{
			const auto ind_y = xui::anim::lerp( xui::fnv1a( "rail_indicator" ), ind_target, 11.0f );
			dl.rect_filled( rx + 2.0f, ind_y, 3.0f, 14.0f, tokens::col_accent, xdraw::corner_radius{ 1.5f } );
		}

		row_y = ry + 12.0f;

		constexpr auto icon_sz{ 18.0f };

		for ( const auto& grp : groups )
		{
			const auto [ sec_tw, sec_th ] = xdraw::measure_text( grp[ 0 ].label, section_font );
			dl.text( rx + pad_x + 2.0f, row_y + 1.0f, grp[ 0 ].label, tokens::col_text_dim.alpha( 170 ), section_font );
			row_y += sec_th + 8.0f;

			for ( int gi = 1; gi < 4; ++gi )
			{
				const auto& g = grp[ gi ];
				if ( g.tab < 0 )
				{
					row_y += btn_h + row_gap;
					continue;
				}

				const auto bx = rx + pad_x;
				const auto by = row_y;
				const auto btn = xui::rect{ bx, by, btn_w, btn_h };

				const auto hovered = input.in_rect( btn );
				const auto is_active = ( this->m_tab == g.tab );

				if ( !this->m_search_open && hovered && input.mouse_clicked && !xui::ctx( ).overlay_blocking( ) )
				{
					if ( this->m_tab != g.tab )
					{
						xui::overlays::close_all( );
					}
					this->m_tab = g.tab;
					if ( g.subtab >= 0 )
					{
						this->m_subtab = g.subtab;
					}
					else
					{
						this->m_subtab = 0;
					}
				}

				const auto hover_anim = xui::anim::lerp( xui::fnv1a( "rail_hover" ) + g.tab, hovered ? 1.0f : 0.0f, 12.0f );
				const auto active_anim = xui::anim::lerp( xui::fnv1a( "rail_active" ) + g.tab, is_active ? 1.0f : 0.0f, 11.0f );

				if ( active_anim > 0.01f )
				{
					dl.rect_filled( btn.x, btn.y, btn.w, btn.h, tokens::col_hover.alpha( static_cast< std::uint8_t >( 255.0f * active_anim ) ), xdraw::corner_radius{ tokens::btn_rounding } );
				}
				else if ( hover_anim > 0.01f )
				{
					dl.rect_filled( btn.x, btn.y, btn.w, btn.h, tokens::col_hover.alpha( static_cast< std::uint8_t >( 110.0f * hover_anim ) ), xdraw::corner_radius{ tokens::btn_rounding } );
				}

				// Icon on the left, label beside it.
				const auto& tex = this->m_textures.tabs[ g.tab ];
				const auto iw = static_cast< float >( tex.width );
				const auto ih = static_cast< float >( tex.height );
				const auto icon_x = std::floor( btn.x + 8.0f );
				const auto icon_y = std::floor( btn.y + ( btn.h - ih ) * 0.5f );

				auto icon_col = xui::lerp( tokens::col_text_dim, tokens::col_text, hover_anim );
				if ( is_active )
				{
					icon_col = xui::lerp( icon_col, tokens::col_accent, active_anim );
				}
				dl.image( icon_x, icon_y, iw, ih, tex.resource.Get( ), icon_col );

				const auto& label = k_tab_labels[ g.tab ];
				const auto [ tw, th ] = xdraw::measure_text( label, label_font );
				const auto tx = std::floor( btn.x + 8.0f + iw + 8.0f );
				const auto ty = std::floor( btn.y + ( btn.h - th ) * 0.5f );

				auto text_col = xui::lerp( tokens::col_text_dim, tokens::col_text, hover_anim );
				if ( is_active )
				{
					text_col = xui::lerp( text_col, tokens::col_accent, active_anim );
				}
				dl.text( tx, ty, label, text_col, label_font );

				row_y += btn_h + row_gap;
			}

			row_y += 10.0f;
		}

		// Clean watermark at the bottom of the rail.
		xdraw::push_font( small_font );
		const auto [ ww, wh ] = xdraw::measure_text( "nexoria", small_font );
		dl.text( std::floor( rx + ( tokens::rail_w - ww ) * 0.5f ), std::floor( ry + h - wh - 16.0f ), "nexoria", tokens::col_text_dim.alpha( 110 ), small_font );
		xdraw::pop_font( );
	}

	void menu::draw_scrollbar( float x, float y, float w, float h, float max_scroll )
	{
		auto& dl = xui::draw::current( );
		const auto& input = xui::ctx( ).input;

		constexpr auto sb_w{ 4.0f };
		const auto track = xui::rect{ x + w - sb_w - 4.0f, y + 4.0f, sb_w, h - 8.0f };
		const auto thumb_h = std::max( 24.0f, track.h * ( h / ( h + max_scroll ) ) );
		const auto rel = ( max_scroll > 0.0f ) ? std::clamp( this->m_scroll / max_scroll, 0.0f, 1.0f ) : 0.0f;
		const auto thumb = xui::rect{ track.x, track.y + rel * ( track.h - thumb_h ), track.w, thumb_h };

		const auto hovered = input.in_rect( track );
		this->m_scrollbar_anim = xui::anim::lerp( xui::fnv1a( "menu_scrollbar" ), ( hovered || this->m_scrollbar_dragging ) ? 1.0f : 0.0f, 14.0f );

		const auto track_a = static_cast< std::uint8_t >( 30.0f + 45.0f * this->m_scrollbar_anim );
		const auto thumb_a = static_cast< std::uint8_t >( 70.0f + 140.0f * this->m_scrollbar_anim );
		dl.rect_filled( track.x, track.y, track.w, track.h, tokens::col_border.alpha( track_a ), xdraw::corner_radius{ 2.0f } );
		dl.rect_filled( thumb.x, thumb.y, thumb.w, thumb.h, tokens::col_accent.alpha( thumb_a ), xdraw::corner_radius{ 2.0f } );

		if ( input.mouse_clicked && thumb.contains( input.mouse_x, input.mouse_y ) )
		{
			this->m_scrollbar_dragging = true;
			this->m_scrollbar_drag_offset = input.mouse_y - thumb.y;
			xui::ctx( ).active_window = xui::null_id;
			xui::ctx( ).active_child_scroll = xui::fnv1a( "menu_scrollbar" );
		}
		else if ( input.mouse_clicked && track.contains( input.mouse_x, input.mouse_y ) )
		{
			const auto span = std::max( 1.0f, track.h - thumb_h );
			this->m_scrollbar_dragging = true;
			this->m_scrollbar_drag_offset = thumb_h * 0.5f;
			const auto pos = input.mouse_y - track.y - this->m_scrollbar_drag_offset;
			this->m_scroll_target = std::clamp( pos / span, 0.0f, 1.0f ) * max_scroll;
			this->m_scroll = this->m_scroll_target;
			xui::ctx( ).active_window = xui::null_id;
			xui::ctx( ).active_child_scroll = xui::fnv1a( "menu_scrollbar" );
		}

		if ( this->m_scrollbar_dragging && input.mouse_down )
		{
			const auto span = std::max( 1.0f, track.h - thumb_h );
			const auto pos = input.mouse_y - track.y - this->m_scrollbar_drag_offset;
			this->m_scroll_target = std::clamp( pos / span, 0.0f, 1.0f ) * max_scroll;
			this->m_scroll = this->m_scroll_target;
		}
		else if ( this->m_scrollbar_dragging )
		{
			this->m_scrollbar_dragging = false;
			if ( xui::ctx( ).active_child_scroll == xui::fnv1a( "menu_scrollbar" ) )
			{
				xui::ctx( ).active_child_scroll = xui::null_id;
			}
		}
	}

	void menu::sync_theme_style( ) const
	{
		auto& style = xui::ctx( ).style;
		// nexoria lime theme � pitch black surfaces, thin borders, pill switches.
		style.rounding = tokens::card_rounding;
		style.border_thickness = 1.0f;

		style.window_bg = tokens::col_dark;
		style.window_border = tokens::col_border;
		style.child_bg = tokens::col_card;
		style.child_border = tokens::col_border;

		style.checkbox_bg = tokens::col_surface;
		style.checkbox_border = tokens::col_border;
		style.checkbox_mark = tokens::col_accent;
		style.checkbox_mark_icon = tokens::col_dark;

		style.slider_track = tokens::col_surface;
		style.slider_fill = tokens::col_accent;

		style.button_bg = tokens::col_surface;
		style.button_hovered = tokens::col_hover;
		style.button_active = tokens::col_accent;
		style.button_border = tokens::col_border;

		style.keybind_bg = tokens::col_surface;
		style.keybind_waiting = tokens::col_accent;

		style.combo_bg = tokens::col_surface;
		style.combo_arrow = tokens::col_text_dim;
		style.combo_hovered = tokens::col_hover;
		style.combo_popup_bg = tokens::col_elevated;
		style.combo_popup_item_hovered = tokens::col_hover;
		style.combo_popup_item_selected = tokens::col_accent.alpha( 42 );

		style.popup_bg = tokens::col_elevated;
		style.popup_border = tokens::col_border;

		style.picker_bg = tokens::col_surface;
		style.picker_popup_bg = tokens::col_elevated;
		style.text_input_bg = tokens::col_surface;
		style.text_input_border = tokens::col_border;

		style.separator = tokens::col_border;
		style.text = tokens::col_text;
		style.text_dim = tokens::col_text_dim;
		style.accent = tokens::col_accent;
	}

		void menu::draw_subtabs( float w )
		{
			auto& dl = xui::draw::current( );
			const auto& input = xui::ctx( ).input;

			const auto content_x = this->m_content_x;
			const auto bar_y = this->m_content_y;

			const auto& def = k_subtab_defs[ this->m_tab ];
			const auto subtab_count = def.count;

			const auto inner_pad{ 3.0f };
			const auto subtab_h = tokens::subtab_bar_h - inner_pad * 2.0f;
			// skins tab has its own local skin-name search � hide the global search button there.
			const auto is_skins_tab = ( this->m_tab == static_cast< int >( tab::skins ) );
			const auto util_w = inner_pad + subtab_h + inner_pad;
			const auto search_anim = xui::anim::lerp( xui::fnv1a( "menu_subtab_search_anim" ), this->m_search_open ? 1.0f : 0.0f, 18.0f );
			const auto normal_interactive = search_anim < 0.03f;

			const auto subtabs_w = is_skins_tab ? ( w - tokens::gap ) : ( w - util_w - tokens::gap );
			const auto btn_w = ( subtabs_w - inner_pad * 2.0f ) / static_cast< float >( std::max( subtab_count, 1 ) );

			dl.rect_filled( content_x, bar_y, subtabs_w, tokens::subtab_bar_h, tokens::col_card, xdraw::corner_radius{ tokens::card_rounding } );
			if ( !is_skins_tab )
				dl.rect_filled( content_x + subtabs_w + tokens::gap, bar_y, util_w, tokens::subtab_bar_h, tokens::col_card, xdraw::corner_radius{ tokens::card_rounding } );

			const auto by = bar_y + ( tokens::subtab_bar_h - subtab_h ) * 0.5f;
			const auto pill_target_x = content_x + inner_pad + btn_w * static_cast< float >( this->m_subtab );

			if ( this->m_subtab_pill_tab != this->m_tab || this->m_subtab_pill_x < 0.0f )
			{
				this->m_subtab_pill_x = pill_target_x;
				this->m_subtab_pill_tab = this->m_tab;
			}
			else
			{
				const auto dt = xdraw::delta_time( );
				this->m_subtab_pill_x += ( pill_target_x - this->m_subtab_pill_x ) * std::min( 18.0f * dt, 1.0f );
			}

			if ( subtab_count > 0 )
			{
				dl.rect_filled( this->m_subtab_pill_x, by, btn_w, subtab_h, tokens::col_accent, xdraw::corner_radius{ tokens::btn_rounding } );
			}

			for ( auto i = 0; i < subtab_count; ++i )
			{
				const auto bx = content_x + inner_pad + btn_w * i;
				const auto btn = xui::rect{ bx, by, btn_w, subtab_h };

				const auto hovered = input.in_rect( btn );
				const auto is_active = ( this->m_subtab == i );

				if ( normal_interactive && hovered && input.mouse_clicked && !xui::ctx( ).overlay_blocking( ) )
				{
					if ( this->m_subtab != i )
					{
						xui::overlays::close_all( );
					}
					this->m_subtab = i;
				}

				const auto active_anim = xui::anim::lerp( xui::fnv1a( "subtab_text" ) + i, is_active ? 1.0f : 0.0f, 12.0f );
				const auto hover_anim = xui::anim::lerp( xui::fnv1a( "subtab_hover" ) + i, hovered && !is_active ? 1.0f : 0.0f, 14.0f );

				if ( hover_anim > 0.01f )
				{
					dl.rect_filled( btn.x, btn.y, btn.w, btn.h, tokens::col_hover.alpha( static_cast< std::uint8_t >( 110.0f * hover_anim ) ), xdraw::corner_radius{ tokens::btn_rounding } );
				}

				const auto [tw, th] = xdraw::measure_text( def.names[ i ] );
				const auto tx = std::floor( btn.x + ( btn.w - tw ) * 0.5f );
				const auto ty = std::floor( btn.y + ( btn.h - th ) * 0.5f );

				auto text_col = xui::lerp( tokens::col_text_dim, tokens::col_dark, active_anim );
				text_col = xui::lerp( text_col, tokens::col_text, hover_anim * 0.35f );
				dl.text( tx, ty, def.names[ i ], text_col );
			}

			const auto util_x = content_x + subtabs_w + tokens::gap;

			if ( !is_skins_tab )
			{
				const auto bx = util_x + inner_pad;
				const auto by = bar_y + ( tokens::subtab_bar_h - subtab_h ) * 0.5f;
				const auto btn = xui::rect{ bx, by, subtab_h, subtab_h };
				const auto hovered = input.in_rect( btn );
				const auto hover_anim = xui::anim::lerp( xui::fnv1a( "menu_search_btn" ), hovered ? 1.0f : 0.0f, 14.0f );
				if ( hover_anim > 0.01f )
				{
					dl.rect_filled( bx, by, subtab_h, subtab_h, tokens::col_surface.alpha( static_cast< std::uint8_t >( 160.0f * hover_anim ) ), xdraw::corner_radius{ tokens::btn_rounding } );
				}

				if ( this->m_textures.search.resource )
				{
					const auto iw = static_cast< float >( this->m_textures.search.width );
					const auto ih = static_cast< float >( this->m_textures.search.height );
					dl.image( std::floor( bx + ( subtab_h - iw ) * 0.5f ), std::floor( by + ( subtab_h - ih ) * 0.5f ), iw, ih, this->m_textures.search.resource.Get( ), xui::lerp( tokens::col_text_dim, tokens::col_text, hover_anim ) );
				}

				if ( normal_interactive && hovered && input.mouse_clicked && !xui::ctx( ).overlay_blocking( ) )
				{
					this->m_search_open = true;
					this->m_scroll = 0.0f;
					this->m_scroll_target = 0.0f;
					this->m_search_query.clear( );
					this->rebuild_search_index( );
					return;
				}
			}

			if ( search_anim > 0.01f )
			{
				const auto t = search_anim * search_anim * ( 3.0f - 2.0f * search_anim );
				const auto panel_w = std::lerp( util_w, w, t );
				const auto panel_x = content_x + w - panel_w;
				const auto panel_y = bar_y;
				const auto panel_h = tokens::subtab_bar_h;
				const auto panel_rounding = tokens::card_rounding;
				const auto panel_alpha = static_cast< std::uint8_t >( std::clamp( 190.0f + 55.0f * t, 0.0f, 245.0f ) );

				dl.rect_filled( panel_x, panel_y, panel_w, panel_h, tokens::col_dark.alpha( static_cast< std::uint8_t >( 225.0f * t ) ), xdraw::corner_radius{ panel_rounding } );
				dl.rect_filled_blurred( panel_x, panel_y, panel_w, panel_h, xdraw::corner_radius{ panel_rounding }, xdraw::color{ 255, 255, 255, static_cast< std::uint8_t >( 130.0f * t ) } );
				dl.rect_filled( panel_x, panel_y, panel_w, panel_h, tokens::col_elevated.alpha( panel_alpha ), xdraw::corner_radius{ panel_rounding } );

				const auto close_w = subtab_h;
				const auto close_x = panel_x + panel_w - inner_pad - close_w;
				const auto close_y = bar_y + ( tokens::subtab_bar_h - subtab_h ) * 0.5f;
				const auto close_rect = xui::rect{ close_x, close_y, close_w, subtab_h };
				const auto close_hovered = input.in_rect( close_rect );
				const auto close_anim = xui::anim::lerp( xui::fnv1a( "menu_search_close" ), close_hovered ? 1.0f : 0.0f, 14.0f );
				const auto close_bg = xui::lerp( tokens::col_surface.alpha( 0 ), tokens::col_accent.alpha( 80 ), close_anim );

				if ( panel_w > util_w + 24.0f )
				{
					const auto input_pad = inner_pad + 8.0f;
					const auto input_x = panel_x + input_pad;
					const auto input_y = bar_y + ( tokens::subtab_bar_h - subtab_h ) * 0.5f;
					const auto input_w = std::max( 24.0f, panel_w - input_pad - close_w - inner_pad * 2.0f );

					dl.push_clip( panel_x + inner_pad, panel_y, panel_w - inner_pad * 2.0f, panel_h );

					if ( auto* win = xui::layout::current_window( ) )
					{
						const auto saved_bounds = win->bounds;
						const auto saved_cursor_x = win->cursor_x;
						const auto saved_cursor_y = win->cursor_y;
						const auto saved_line_h = win->line_h;

						win->bounds.w = input_x - win->bounds.x + input_w + xui::ctx( ).style.window_pad_x;
						xui::layout::set_cursor( input_x - this->m_x, input_y - this->m_y );

						xui::push_style_var( xui::style_var::text_input_h, subtab_h );
						xui::push_style_var( xui::style_var::text_input_rounding, tokens::btn_rounding );
						xui::push_style_color( xui::style_col::text_input_bg, tokens::col_card.alpha( 0 ) );
						xui::push_style_color( xui::style_col::text_input_border, tokens::col_card.alpha( 0 ) );
						xui::text_input( "##menu_search_input", this->m_search_query, 96, "..." );
						xui::pop_style_color( 2 );
						xui::pop_style_var( 2 );

						win->bounds = saved_bounds;
						win->cursor_x = saved_cursor_x;
						win->cursor_y = saved_cursor_y;
						win->line_h = saved_line_h;
					}

					dl.pop_clip( );
				}

				dl.rect_filled( close_x, close_y, close_w, subtab_h, close_bg, xdraw::corner_radius{ tokens::btn_rounding } );

				const auto cx = close_x + close_w * 0.5f;
				const auto cy = close_y + subtab_h * 0.5f;
				const auto span = 4.0f;
				auto x_col = xui::lerp( tokens::col_text_dim.alpha( static_cast< std::uint8_t >( 180.0f * t ) ), tokens::col_text, std::max( close_anim, t ) );
				dl.line( cx - span, cy - span, cx + span, cy + span, x_col, 1.3f );
				dl.line( cx - span, cy + span, cx + span, cy - span, x_col, 1.3f );

				if ( close_hovered && input.mouse_clicked )
				{
					this->close_search( );
				}

				for ( const auto vk : input.key_presses( ) )
				{
					if ( vk == VK_ESCAPE )
					{
						this->close_search( );
						break;
					}
				}
			}
		}

} // namespace rendering
